-- ==========================================
-- MENU TABLES AND DATA
-- ==========================================

-- Table: pizza_categories
CREATE TABLE IF NOT EXISTS pizza_categories (
  id text PRIMARY KEY,
  name text NOT NULL,
  name_th text,
  icon text,
  created_at timestamptz DEFAULT now() NOT NULL
);

-- Table: pizza_items
CREATE TABLE IF NOT EXISTS pizza_items (
  id text PRIMARY KEY,
  category_id text REFERENCES pizza_categories(id) ON DELETE CASCADE NOT NULL,
  name text NOT NULL,
  name_th text,
  description text NOT NULL DEFAULT '',
  description_th text NOT NULL DEFAULT '',
  price numeric(10,2) NOT NULL DEFAULT 0,
  image_url text NOT NULL DEFAULT '',
  image_file text NOT NULL DEFAULT '',
  sku text NOT NULL DEFAULT '',
  allowed_extras_group text NOT NULL DEFAULT '',
  created_at timestamptz DEFAULT now() NOT NULL
);

-- Table: pizza_variants
CREATE TABLE IF NOT EXISTS pizza_variants (
  id text PRIMARY KEY,
  item_id text REFERENCES pizza_items(id) ON DELETE CASCADE NOT NULL,
  name text NOT NULL,
  name_th text,
  sku text NOT NULL DEFAULT '',
  price numeric(10,2) NOT NULL DEFAULT 0,
  price_modifier numeric(10,2) NOT NULL DEFAULT 0,
  created_at timestamptz DEFAULT now() NOT NULL
);

-- Table: pizza_extras
CREATE TABLE IF NOT EXISTS pizza_extras (
  id text PRIMARY KEY,
  group_name text NOT NULL,
  name text NOT NULL,
  name_th text,
  sku text NOT NULL DEFAULT '',
  price numeric(10,2) NOT NULL DEFAULT 0,
  created_at timestamptz DEFAULT now() NOT NULL
);

-- RLS Configuration
ALTER TABLE pizza_categories ENABLE ROW LEVEL SECURITY;
ALTER TABLE pizza_items ENABLE ROW LEVEL SECURITY;
ALTER TABLE pizza_variants ENABLE ROW LEVEL SECURITY;
ALTER TABLE pizza_extras ENABLE ROW LEVEL SECURITY;

-- Select Policies (Public read access)
CREATE POLICY "Public can read pizza categories" ON pizza_categories FOR SELECT TO public USING (true);
CREATE POLICY "Public can read pizza items" ON pizza_items FOR SELECT TO public USING (true);
CREATE POLICY "Public can read pizza variants" ON pizza_variants FOR SELECT TO public USING (true);
CREATE POLICY "Public can read pizza extras" ON pizza_extras FOR SELECT TO public USING (true);

-- Admin Write Policies (Authenticated users)
CREATE POLICY "Admins can modify pizza categories" ON pizza_categories FOR ALL TO authenticated USING (true) WITH CHECK (true);
CREATE POLICY "Admins can modify pizza items" ON pizza_items FOR ALL TO authenticated USING (true) WITH CHECK (true);
CREATE POLICY "Admins can modify pizza variants" ON pizza_variants FOR ALL TO authenticated USING (true) WITH CHECK (true);
CREATE POLICY "Admins can modify pizza extras" ON pizza_extras FOR ALL TO authenticated USING (true) WITH CHECK (true);

INSERT INTO pizza_categories (id, name, name_th, icon) VALUES ('traditional-italian-pizza', 'Traditional Italian Pizza', 'พิซซ่าอิตาเลียนแบบดั้งเดิม', '🍕') ON CONFLICT (id) DO UPDATE SET name = EXCLUDED.name, name_th = EXCLUDED.name_th, icon = EXCLUDED.icon;
INSERT INTO pizza_items (id, category_id, name, name_th, description, description_th, price, image_url, image_file, sku, allowed_extras_group) VALUES ('pizza-marinara-vegan', 'traditional-italian-pizza', 'PIZZA MARINARA Vegan', 'พิซซ่ามารีนาร่า มังสวิรัติ', 'Tomato Sauce, Garlic, Olive Oil', 'ซอสมะเขือเทศ, กระเทียม, น้ำมันมะกอก', 170.0, 'https://gjqevgkbjkharczhikcl.supabase.co/storage/v1/object/public/delivery_food/01-Pizza/01-pizza-marinara-vegan.png', '01-Pizza/01-pizza-marinara-vegan.png', '', 'Pizza Extras') ON CONFLICT (id) DO UPDATE SET category_id = EXCLUDED.category_id, name = EXCLUDED.name, name_th = EXCLUDED.name_th, description = EXCLUDED.description, description_th = EXCLUDED.description_th, price = EXCLUDED.price, image_url = EXCLUDED.image_url, image_file = EXCLUDED.image_file, sku = EXCLUDED.sku, allowed_extras_group = EXCLUDED.allowed_extras_group;
INSERT INTO pizza_variants (id, item_id, name, name_th, sku, price, price_modifier) VALUES ('10000', 'pizza-marinara-vegan', '12"', '12"', '10000', 170.0, 0.0) ON CONFLICT (id) DO UPDATE SET item_id = EXCLUDED.item_id, name = EXCLUDED.name, name_th = EXCLUDED.name_th, sku = EXCLUDED.sku, price = EXCLUDED.price, price_modifier = EXCLUDED.price_modifier;
INSERT INTO pizza_variants (id, item_id, name, name_th, sku, price, price_modifier) VALUES ('10136', 'pizza-marinara-vegan', '8"', '8"', '10136', 100.0, -70.0) ON CONFLICT (id) DO UPDATE SET item_id = EXCLUDED.item_id, name = EXCLUDED.name, name_th = EXCLUDED.name_th, sku = EXCLUDED.sku, price = EXCLUDED.price, price_modifier = EXCLUDED.price_modifier;
INSERT INTO pizza_items (id, category_id, name, name_th, description, description_th, price, image_url, image_file, sku, allowed_extras_group) VALUES ('pizza-margherita', 'traditional-italian-pizza', 'PIZZA MARGHERITA', 'พิซซ่ามาร์การิต้า', 'Tomato Sauce, Olive Oil, Mozzarella Cheese', 'ซอสมะเขือเทศ, น้ำมันมะกอก, ชีสมอซซาเรลล่า', 190.0, 'https://gjqevgkbjkharczhikcl.supabase.co/storage/v1/object/public/delivery_food/01-Pizza/02-pizza-margherita.png', '01-Pizza/02-pizza-margherita.png', '', 'Pizza Extras') ON CONFLICT (id) DO UPDATE SET category_id = EXCLUDED.category_id, name = EXCLUDED.name, name_th = EXCLUDED.name_th, description = EXCLUDED.description, description_th = EXCLUDED.description_th, price = EXCLUDED.price, image_url = EXCLUDED.image_url, image_file = EXCLUDED.image_file, sku = EXCLUDED.sku, allowed_extras_group = EXCLUDED.allowed_extras_group;
INSERT INTO pizza_variants (id, item_id, name, name_th, sku, price, price_modifier) VALUES ('10001', 'pizza-margherita', '12"', '12"', '10001', 190.0, 0.0) ON CONFLICT (id) DO UPDATE SET item_id = EXCLUDED.item_id, name = EXCLUDED.name, name_th = EXCLUDED.name_th, sku = EXCLUDED.sku, price = EXCLUDED.price, price_modifier = EXCLUDED.price_modifier;
INSERT INTO pizza_variants (id, item_id, name, name_th, sku, price, price_modifier) VALUES ('10119', 'pizza-margherita', '8"', '8"', '10119', 120.0, -70.0) ON CONFLICT (id) DO UPDATE SET item_id = EXCLUDED.item_id, name = EXCLUDED.name, name_th = EXCLUDED.name_th, sku = EXCLUDED.sku, price = EXCLUDED.price, price_modifier = EXCLUDED.price_modifier;
INSERT INTO pizza_items (id, category_id, name, name_th, description, description_th, price, image_url, image_file, sku, allowed_extras_group) VALUES ('pizza-sweet-bell-pepper-vegan', 'traditional-italian-pizza', 'PIZZA SWEET BELL PEPPER Vegan', 'พิซซ่าพริกหวานมังสวิรัติ', 'Tomato Sauce, Olive Oil, Sweet Bell Peppers', 'ซอสมะเขือเทศ, น้ำมันมะกอก, พริกหวาน', 230.0, 'https://gjqevgkbjkharczhikcl.supabase.co/storage/v1/object/public/delivery_food/01-Pizza/03-pizza-sweet-bell-pepper-vegan.png', '01-Pizza/03-pizza-sweet-bell-pepper-vegan.png', '', 'Pizza Extras') ON CONFLICT (id) DO UPDATE SET category_id = EXCLUDED.category_id, name = EXCLUDED.name, name_th = EXCLUDED.name_th, description = EXCLUDED.description, description_th = EXCLUDED.description_th, price = EXCLUDED.price, image_url = EXCLUDED.image_url, image_file = EXCLUDED.image_file, sku = EXCLUDED.sku, allowed_extras_group = EXCLUDED.allowed_extras_group;
INSERT INTO pizza_variants (id, item_id, name, name_th, sku, price, price_modifier) VALUES ('10002', 'pizza-sweet-bell-pepper-vegan', '12"', '12"', '10002', 230.0, 0.0) ON CONFLICT (id) DO UPDATE SET item_id = EXCLUDED.item_id, name = EXCLUDED.name, name_th = EXCLUDED.name_th, sku = EXCLUDED.sku, price = EXCLUDED.price, price_modifier = EXCLUDED.price_modifier;
INSERT INTO pizza_variants (id, item_id, name, name_th, sku, price, price_modifier) VALUES ('10234', 'pizza-sweet-bell-pepper-vegan', '8"', '8"', '10234', 130.0, -100.0) ON CONFLICT (id) DO UPDATE SET item_id = EXCLUDED.item_id, name = EXCLUDED.name, name_th = EXCLUDED.name_th, sku = EXCLUDED.sku, price = EXCLUDED.price, price_modifier = EXCLUDED.price_modifier;
INSERT INTO pizza_items (id, category_id, name, name_th, description, description_th, price, image_url, image_file, sku, allowed_extras_group) VALUES ('calzone', 'traditional-italian-pizza', 'CALZONE', 'คัลโซเน่', 'Tomato Sauce, Olive Oil, Mozzarella Cheese', 'ซอสมะเขือเทศ, น้ำมันมะกอก, ชีสมอสซาเรลล่า', 210.0, 'https://gjqevgkbjkharczhikcl.supabase.co/storage/v1/object/public/delivery_food/01-Pizza/04-calzone.png', '01-Pizza/04-calzone.png', '', 'Pizza Extras') ON CONFLICT (id) DO UPDATE SET category_id = EXCLUDED.category_id, name = EXCLUDED.name, name_th = EXCLUDED.name_th, description = EXCLUDED.description, description_th = EXCLUDED.description_th, price = EXCLUDED.price, image_url = EXCLUDED.image_url, image_file = EXCLUDED.image_file, sku = EXCLUDED.sku, allowed_extras_group = EXCLUDED.allowed_extras_group;
INSERT INTO pizza_variants (id, item_id, name, name_th, sku, price, price_modifier) VALUES ('10003', 'calzone', '12"', '12"', '10003', 210.0, 0.0) ON CONFLICT (id) DO UPDATE SET item_id = EXCLUDED.item_id, name = EXCLUDED.name, name_th = EXCLUDED.name_th, sku = EXCLUDED.sku, price = EXCLUDED.price, price_modifier = EXCLUDED.price_modifier;
INSERT INTO pizza_variants (id, item_id, name, name_th, sku, price, price_modifier) VALUES ('10014', 'calzone', '12" (Ham & Cheese)', '12" (Ham & Cheese)', '10014', 250.0, 40.0) ON CONFLICT (id) DO UPDATE SET item_id = EXCLUDED.item_id, name = EXCLUDED.name, name_th = EXCLUDED.name_th, sku = EXCLUDED.sku, price = EXCLUDED.price, price_modifier = EXCLUDED.price_modifier;
INSERT INTO pizza_variants (id, item_id, name, name_th, sku, price, price_modifier) VALUES ('10041', 'calzone', '8"', '8"', '10041', 140.0, -70.0) ON CONFLICT (id) DO UPDATE SET item_id = EXCLUDED.item_id, name = EXCLUDED.name, name_th = EXCLUDED.name_th, sku = EXCLUDED.sku, price = EXCLUDED.price, price_modifier = EXCLUDED.price_modifier;
INSERT INTO pizza_variants (id, item_id, name, name_th, sku, price, price_modifier) VALUES ('10066', 'calzone', '8" (Ham & Cheese)', '8" (Ham & Cheese)', '10066', 165.0, -45.0) ON CONFLICT (id) DO UPDATE SET item_id = EXCLUDED.item_id, name = EXCLUDED.name, name_th = EXCLUDED.name_th, sku = EXCLUDED.sku, price = EXCLUDED.price, price_modifier = EXCLUDED.price_modifier;
INSERT INTO pizza_items (id, category_id, name, name_th, description, description_th, price, image_url, image_file, sku, allowed_extras_group) VALUES ('pizza-bismark', 'traditional-italian-pizza', 'PIZZA BISMARK', 'พิซซ่าบิสมาร์ก', 'Tomato Sauce, Olive Oil, Egg, Mozzarella Cheese', 'ซอสมะเขือเทศ, น้ำมันมะกอก, ไข่, ชีสมอซซาเรลล่า', 240.0, 'https://gjqevgkbjkharczhikcl.supabase.co/storage/v1/object/public/delivery_food/01-Pizza/05-pizza-bismark.png', '01-Pizza/05-pizza-bismark.png', '', 'Pizza Extras') ON CONFLICT (id) DO UPDATE SET category_id = EXCLUDED.category_id, name = EXCLUDED.name, name_th = EXCLUDED.name_th, description = EXCLUDED.description, description_th = EXCLUDED.description_th, price = EXCLUDED.price, image_url = EXCLUDED.image_url, image_file = EXCLUDED.image_file, sku = EXCLUDED.sku, allowed_extras_group = EXCLUDED.allowed_extras_group;
INSERT INTO pizza_variants (id, item_id, name, name_th, sku, price, price_modifier) VALUES ('10004', 'pizza-bismark', '12"', '12"', '10004', 240.0, 0.0) ON CONFLICT (id) DO UPDATE SET item_id = EXCLUDED.item_id, name = EXCLUDED.name, name_th = EXCLUDED.name_th, sku = EXCLUDED.sku, price = EXCLUDED.price, price_modifier = EXCLUDED.price_modifier;
INSERT INTO pizza_variants (id, item_id, name, name_th, sku, price, price_modifier) VALUES ('10104', 'pizza-bismark', '8"', '8"', '10104', 150.0, -90.0) ON CONFLICT (id) DO UPDATE SET item_id = EXCLUDED.item_id, name = EXCLUDED.name, name_th = EXCLUDED.name_th, sku = EXCLUDED.sku, price = EXCLUDED.price, price_modifier = EXCLUDED.price_modifier;
INSERT INTO pizza_items (id, category_id, name, name_th, description, description_th, price, image_url, image_file, sku, allowed_extras_group) VALUES ('pizza-ham-and-cheese', 'traditional-italian-pizza', 'PIZZA HAM & CHEESE', 'พิซซ่าแฮมและชีส', 'Tomato Sauce, Olive Oil, Ham, Egg, Mozzarella Cheese', 'ซอสมะเขือเทศ, น้ำมันมะกอก, แฮม, ชีสมอซซาเรลล่า', 250.0, 'https://gjqevgkbjkharczhikcl.supabase.co/storage/v1/object/public/delivery_food/01-Pizza/06-pizza-ham-and-cheese.png', '01-Pizza/06-pizza-ham-and-cheese.png', '', 'Pizza Extras') ON CONFLICT (id) DO UPDATE SET category_id = EXCLUDED.category_id, name = EXCLUDED.name, name_th = EXCLUDED.name_th, description = EXCLUDED.description, description_th = EXCLUDED.description_th, price = EXCLUDED.price, image_url = EXCLUDED.image_url, image_file = EXCLUDED.image_file, sku = EXCLUDED.sku, allowed_extras_group = EXCLUDED.allowed_extras_group;
INSERT INTO pizza_variants (id, item_id, name, name_th, sku, price, price_modifier) VALUES ('10005', 'pizza-ham-and-cheese', '12"', '12"', '10005', 250.0, 0.0) ON CONFLICT (id) DO UPDATE SET item_id = EXCLUDED.item_id, name = EXCLUDED.name, name_th = EXCLUDED.name_th, sku = EXCLUDED.sku, price = EXCLUDED.price, price_modifier = EXCLUDED.price_modifier;
INSERT INTO pizza_variants (id, item_id, name, name_th, sku, price, price_modifier) VALUES ('10110', 'pizza-ham-and-cheese', '8"', '8"', '10110', 165.0, -85.0) ON CONFLICT (id) DO UPDATE SET item_id = EXCLUDED.item_id, name = EXCLUDED.name, name_th = EXCLUDED.name_th, sku = EXCLUDED.sku, price = EXCLUDED.price, price_modifier = EXCLUDED.price_modifier;
INSERT INTO pizza_items (id, category_id, name, name_th, description, description_th, price, image_url, image_file, sku, allowed_extras_group) VALUES ('pizza-mushrooms-and-tofu-vegan', 'traditional-italian-pizza', 'PIZZA MUSHROOMS & TOFU Vegan', 'พิซซ่าเห็ดและเต้าหู้มังสวิรัติ', 'Tomato Sauce, Mushrooms, Tofu', 'ซอสมะเขือเทศ, น้ำมันมะกอก, เห็ด, เต้าหู้', 230.0, 'https://gjqevgkbjkharczhikcl.supabase.co/storage/v1/object/public/delivery_food/01-Pizza/07-pizza-mushrooms-and-tofu-vegan.png', '01-Pizza/07-pizza-mushrooms-and-tofu-vegan.png', '', 'Pizza Extras') ON CONFLICT (id) DO UPDATE SET category_id = EXCLUDED.category_id, name = EXCLUDED.name, name_th = EXCLUDED.name_th, description = EXCLUDED.description, description_th = EXCLUDED.description_th, price = EXCLUDED.price, image_url = EXCLUDED.image_url, image_file = EXCLUDED.image_file, sku = EXCLUDED.sku, allowed_extras_group = EXCLUDED.allowed_extras_group;
INSERT INTO pizza_variants (id, item_id, name, name_th, sku, price, price_modifier) VALUES ('10006', 'pizza-mushrooms-and-tofu-vegan', '12"', '12"', '10006', 230.0, 0.0) ON CONFLICT (id) DO UPDATE SET item_id = EXCLUDED.item_id, name = EXCLUDED.name, name_th = EXCLUDED.name_th, sku = EXCLUDED.sku, price = EXCLUDED.price, price_modifier = EXCLUDED.price_modifier;
INSERT INTO pizza_variants (id, item_id, name, name_th, sku, price, price_modifier) VALUES ('10137', 'pizza-mushrooms-and-tofu-vegan', '8"', '8"', '10137', 150.0, -80.0) ON CONFLICT (id) DO UPDATE SET item_id = EXCLUDED.item_id, name = EXCLUDED.name, name_th = EXCLUDED.name_th, sku = EXCLUDED.sku, price = EXCLUDED.price, price_modifier = EXCLUDED.price_modifier;
INSERT INTO pizza_items (id, category_id, name, name_th, description, description_th, price, image_url, image_file, sku, allowed_extras_group) VALUES ('pizza-nutella', 'traditional-italian-pizza', 'PIZZA NUTELLA', 'พิซซ่านูเทลล่า', 'Nutella', 'นูเทลล่า', 250.0, 'https://gjqevgkbjkharczhikcl.supabase.co/storage/v1/object/public/delivery_food/01-Pizza/08-pizza-nutella.png', '01-Pizza/08-pizza-nutella.png', '', 'Pizza Extras') ON CONFLICT (id) DO UPDATE SET category_id = EXCLUDED.category_id, name = EXCLUDED.name, name_th = EXCLUDED.name_th, description = EXCLUDED.description, description_th = EXCLUDED.description_th, price = EXCLUDED.price, image_url = EXCLUDED.image_url, image_file = EXCLUDED.image_file, sku = EXCLUDED.sku, allowed_extras_group = EXCLUDED.allowed_extras_group;
INSERT INTO pizza_variants (id, item_id, name, name_th, sku, price, price_modifier) VALUES ('10007', 'pizza-nutella', '12"', '12"', '10007', 250.0, 0.0) ON CONFLICT (id) DO UPDATE SET item_id = EXCLUDED.item_id, name = EXCLUDED.name, name_th = EXCLUDED.name_th, sku = EXCLUDED.sku, price = EXCLUDED.price, price_modifier = EXCLUDED.price_modifier;
INSERT INTO pizza_variants (id, item_id, name, name_th, sku, price, price_modifier) VALUES ('10139', 'pizza-nutella', '8"', '8"', '10139', 160.0, -90.0) ON CONFLICT (id) DO UPDATE SET item_id = EXCLUDED.item_id, name = EXCLUDED.name, name_th = EXCLUDED.name_th, sku = EXCLUDED.sku, price = EXCLUDED.price, price_modifier = EXCLUDED.price_modifier;
INSERT INTO pizza_items (id, category_id, name, name_th, description, description_th, price, image_url, image_file, sku, allowed_extras_group) VALUES ('pizza-vegetables', 'traditional-italian-pizza', 'PIZZA VEGETABLES', 'พิซซ่าผัก', 'Tomato Sauce, Olive Oil, Vegetables, Mozzarella Cheese', 'ซอสมะเขือเทศ, น้ำมันมะกอก, ผัก, ชีสมอซซาเรลล่า', 230.0, 'https://gjqevgkbjkharczhikcl.supabase.co/storage/v1/object/public/delivery_food/01-Pizza/09-pizza-vegetables.png', '01-Pizza/09-pizza-vegetables.png', '', 'Pizza Extras') ON CONFLICT (id) DO UPDATE SET category_id = EXCLUDED.category_id, name = EXCLUDED.name, name_th = EXCLUDED.name_th, description = EXCLUDED.description, description_th = EXCLUDED.description_th, price = EXCLUDED.price, image_url = EXCLUDED.image_url, image_file = EXCLUDED.image_file, sku = EXCLUDED.sku, allowed_extras_group = EXCLUDED.allowed_extras_group;
INSERT INTO pizza_variants (id, item_id, name, name_th, sku, price, price_modifier) VALUES ('10008', 'pizza-vegetables', '12"', '12"', '10008', 230.0, 0.0) ON CONFLICT (id) DO UPDATE SET item_id = EXCLUDED.item_id, name = EXCLUDED.name, name_th = EXCLUDED.name_th, sku = EXCLUDED.sku, price = EXCLUDED.price, price_modifier = EXCLUDED.price_modifier;
INSERT INTO pizza_variants (id, item_id, name, name_th, sku, price, price_modifier) VALUES ('10243', 'pizza-vegetables', '8"', '8"', '10243', 150.0, -80.0) ON CONFLICT (id) DO UPDATE SET item_id = EXCLUDED.item_id, name = EXCLUDED.name, name_th = EXCLUDED.name_th, sku = EXCLUDED.sku, price = EXCLUDED.price, price_modifier = EXCLUDED.price_modifier;
INSERT INTO pizza_items (id, category_id, name, name_th, description, description_th, price, image_url, image_file, sku, allowed_extras_group) VALUES ('pizza-artichokes', 'traditional-italian-pizza', 'PIZZA ARTICHOKES', 'พิซซ่าอาร์ติโชค', 'Tomato Sauce, Olive Oil, Artichokes, Mozzarella Cheese', 'ซอสมะเขือเทศ, น้ำมันมะกอก, อาร์ติโชค, ชีสมอซซาเรลล่า', 250.0, 'https://gjqevgkbjkharczhikcl.supabase.co/storage/v1/object/public/delivery_food/01-Pizza/10-pizza-artichokes.png', '01-Pizza/10-pizza-artichokes.png', '', 'Pizza Extras') ON CONFLICT (id) DO UPDATE SET category_id = EXCLUDED.category_id, name = EXCLUDED.name, name_th = EXCLUDED.name_th, description = EXCLUDED.description, description_th = EXCLUDED.description_th, price = EXCLUDED.price, image_url = EXCLUDED.image_url, image_file = EXCLUDED.image_file, sku = EXCLUDED.sku, allowed_extras_group = EXCLUDED.allowed_extras_group;
INSERT INTO pizza_variants (id, item_id, name, name_th, sku, price, price_modifier) VALUES ('10009', 'pizza-artichokes', '12"', '12"', '10009', 250.0, 0.0) ON CONFLICT (id) DO UPDATE SET item_id = EXCLUDED.item_id, name = EXCLUDED.name, name_th = EXCLUDED.name_th, sku = EXCLUDED.sku, price = EXCLUDED.price, price_modifier = EXCLUDED.price_modifier;
INSERT INTO pizza_variants (id, item_id, name, name_th, sku, price, price_modifier) VALUES ('10090', 'pizza-artichokes', '8"', '8"', '10090', 160.0, -90.0) ON CONFLICT (id) DO UPDATE SET item_id = EXCLUDED.item_id, name = EXCLUDED.name, name_th = EXCLUDED.name_th, sku = EXCLUDED.sku, price = EXCLUDED.price, price_modifier = EXCLUDED.price_modifier;
INSERT INTO pizza_items (id, category_id, name, name_th, description, description_th, price, image_url, image_file, sku, allowed_extras_group) VALUES ('pizza-bacon', 'traditional-italian-pizza', 'PIZZA BACON', 'พิซซ่าเบคอน', 'Tomato Sauce, Olive Oil, Bacon, Mozzarella Cheese', 'ซอสมะเขือเทศ, น้ำมันมะกอก, เบคอน, ชีสมอซซาเรลล่า', 250.0, 'https://gjqevgkbjkharczhikcl.supabase.co/storage/v1/object/public/delivery_food/01-Pizza/11-pizza-bacon.png', '01-Pizza/11-pizza-bacon.png', '', 'Pizza Extras') ON CONFLICT (id) DO UPDATE SET category_id = EXCLUDED.category_id, name = EXCLUDED.name, name_th = EXCLUDED.name_th, description = EXCLUDED.description, description_th = EXCLUDED.description_th, price = EXCLUDED.price, image_url = EXCLUDED.image_url, image_file = EXCLUDED.image_file, sku = EXCLUDED.sku, allowed_extras_group = EXCLUDED.allowed_extras_group;
INSERT INTO pizza_variants (id, item_id, name, name_th, sku, price, price_modifier) VALUES ('10010', 'pizza-bacon', '12"', '12"', '10010', 250.0, 0.0) ON CONFLICT (id) DO UPDATE SET item_id = EXCLUDED.item_id, name = EXCLUDED.name, name_th = EXCLUDED.name_th, sku = EXCLUDED.sku, price = EXCLUDED.price, price_modifier = EXCLUDED.price_modifier;
INSERT INTO pizza_variants (id, item_id, name, name_th, sku, price, price_modifier) VALUES ('10018', 'pizza-bacon', '12" (Bismark)', '12" (Bismark)', '10018', 270.0, 20.0) ON CONFLICT (id) DO UPDATE SET item_id = EXCLUDED.item_id, name = EXCLUDED.name, name_th = EXCLUDED.name_th, sku = EXCLUDED.sku, price = EXCLUDED.price, price_modifier = EXCLUDED.price_modifier;
INSERT INTO pizza_variants (id, item_id, name, name_th, sku, price, price_modifier) VALUES ('10091', 'pizza-bacon', '8"', '8"', '10091', 160.0, -90.0) ON CONFLICT (id) DO UPDATE SET item_id = EXCLUDED.item_id, name = EXCLUDED.name, name_th = EXCLUDED.name_th, sku = EXCLUDED.sku, price = EXCLUDED.price, price_modifier = EXCLUDED.price_modifier;
INSERT INTO pizza_variants (id, item_id, name, name_th, sku, price, price_modifier) VALUES ('10101', 'pizza-bacon', '8" (Bismark)', '8" (Bismark)', '10101', 170.0, -80.0) ON CONFLICT (id) DO UPDATE SET item_id = EXCLUDED.item_id, name = EXCLUDED.name, name_th = EXCLUDED.name_th, sku = EXCLUDED.sku, price = EXCLUDED.price, price_modifier = EXCLUDED.price_modifier;
INSERT INTO pizza_items (id, category_id, name, name_th, description, description_th, price, image_url, image_file, sku, allowed_extras_group) VALUES ('pizza-pineapple', 'traditional-italian-pizza', 'PIZZA PINEAPPLE', 'พิซซ่าสับปะรด', 'Tomato Sauce, Olive Oil, Pineapple, Mozzarella Cheese', 'ซอสมะเขือเทศ, น้ำมันมะกอก, สับปะรด, ชีสมอซซาเรลล่า', 250.0, 'https://gjqevgkbjkharczhikcl.supabase.co/storage/v1/object/public/delivery_food/01-Pizza/12-pizza-pineapple.png', '01-Pizza/12-pizza-pineapple.png', '', 'Pizza Extras') ON CONFLICT (id) DO UPDATE SET category_id = EXCLUDED.category_id, name = EXCLUDED.name, name_th = EXCLUDED.name_th, description = EXCLUDED.description, description_th = EXCLUDED.description_th, price = EXCLUDED.price, image_url = EXCLUDED.image_url, image_file = EXCLUDED.image_file, sku = EXCLUDED.sku, allowed_extras_group = EXCLUDED.allowed_extras_group;
INSERT INTO pizza_variants (id, item_id, name, name_th, sku, price, price_modifier) VALUES ('10011', 'pizza-pineapple', '12"', '12"', '10011', 250.0, 0.0) ON CONFLICT (id) DO UPDATE SET item_id = EXCLUDED.item_id, name = EXCLUDED.name, name_th = EXCLUDED.name_th, sku = EXCLUDED.sku, price = EXCLUDED.price, price_modifier = EXCLUDED.price_modifier;
INSERT INTO pizza_variants (id, item_id, name, name_th, sku, price, price_modifier) VALUES ('10240', 'pizza-pineapple', '8"', '8"', '10240', 160.0, -90.0) ON CONFLICT (id) DO UPDATE SET item_id = EXCLUDED.item_id, name = EXCLUDED.name, name_th = EXCLUDED.name_th, sku = EXCLUDED.sku, price = EXCLUDED.price, price_modifier = EXCLUDED.price_modifier;
INSERT INTO pizza_items (id, category_id, name, name_th, description, description_th, price, image_url, image_file, sku, allowed_extras_group) VALUES ('pizza-sweet-bell-pepper-cheese', 'traditional-italian-pizza', 'PIZZA SWEET BELL PEPPER CHEESE', 'พิซซ่าพริกหวานและชีส', 'Tomato Sauce, Olive Oil, Sweet Bell Peppers, Mozzarella', 'ซอสมะเขือเทศ, น้ำมันมะกอก, พริกหวาน, ชีสมอซซาเรลล่า', 270.0, 'https://gjqevgkbjkharczhikcl.supabase.co/storage/v1/object/public/delivery_food/01-Pizza/13-pizza-sweet-bell-pepper-cheese.png', '01-Pizza/13-pizza-sweet-bell-pepper-cheese.png', '', 'Pizza Extras') ON CONFLICT (id) DO UPDATE SET category_id = EXCLUDED.category_id, name = EXCLUDED.name, name_th = EXCLUDED.name_th, description = EXCLUDED.description, description_th = EXCLUDED.description_th, price = EXCLUDED.price, image_url = EXCLUDED.image_url, image_file = EXCLUDED.image_file, sku = EXCLUDED.sku, allowed_extras_group = EXCLUDED.allowed_extras_group;
INSERT INTO pizza_variants (id, item_id, name, name_th, sku, price, price_modifier) VALUES ('10012', 'pizza-sweet-bell-pepper-cheese', '12"', '12"', '10012', 270.0, 0.0) ON CONFLICT (id) DO UPDATE SET item_id = EXCLUDED.item_id, name = EXCLUDED.name, name_th = EXCLUDED.name_th, sku = EXCLUDED.sku, price = EXCLUDED.price, price_modifier = EXCLUDED.price_modifier;
INSERT INTO pizza_variants (id, item_id, name, name_th, sku, price, price_modifier) VALUES ('10244', 'pizza-sweet-bell-pepper-cheese', '8"', '8"', '10244', 180.0, -90.0) ON CONFLICT (id) DO UPDATE SET item_id = EXCLUDED.item_id, name = EXCLUDED.name, name_th = EXCLUDED.name_th, sku = EXCLUDED.sku, price = EXCLUDED.price, price_modifier = EXCLUDED.price_modifier;
INSERT INTO pizza_items (id, category_id, name, name_th, description, description_th, price, image_url, image_file, sku, allowed_extras_group) VALUES ('pizza-wurstel', 'traditional-italian-pizza', 'PIZZA WURSTEL', 'พิซซ่าใส้กรอกเยอรมัน', 'Tomato Sauce, German Sausage, Mozzarella Cheese', 'ซอสมะเขือเทศ, ไส้กรอกเยอรมัน, ชีสมอซซาเรลล่า', 250.0, 'https://gjqevgkbjkharczhikcl.supabase.co/storage/v1/object/public/delivery_food/01-Pizza/14-pizza-wurstel.png', '01-Pizza/14-pizza-wurstel.png', '', 'Pizza Extras') ON CONFLICT (id) DO UPDATE SET category_id = EXCLUDED.category_id, name = EXCLUDED.name, name_th = EXCLUDED.name_th, description = EXCLUDED.description, description_th = EXCLUDED.description_th, price = EXCLUDED.price, image_url = EXCLUDED.image_url, image_file = EXCLUDED.image_file, sku = EXCLUDED.sku, allowed_extras_group = EXCLUDED.allowed_extras_group;
INSERT INTO pizza_variants (id, item_id, name, name_th, sku, price, price_modifier) VALUES ('10013', 'pizza-wurstel', '12"', '12"', '10013', 250.0, 0.0) ON CONFLICT (id) DO UPDATE SET item_id = EXCLUDED.item_id, name = EXCLUDED.name, name_th = EXCLUDED.name_th, sku = EXCLUDED.sku, price = EXCLUDED.price, price_modifier = EXCLUDED.price_modifier;
INSERT INTO pizza_variants (id, item_id, name, name_th, sku, price, price_modifier) VALUES ('10245', 'pizza-wurstel', '8"', '8"', '10245', 160.0, -90.0) ON CONFLICT (id) DO UPDATE SET item_id = EXCLUDED.item_id, name = EXCLUDED.name, name_th = EXCLUDED.name_th, sku = EXCLUDED.sku, price = EXCLUDED.price, price_modifier = EXCLUDED.price_modifier;
INSERT INTO pizza_items (id, category_id, name, name_th, description, description_th, price, image_url, image_file, sku, allowed_extras_group) VALUES ('calzone-ham-and-cheese', 'traditional-italian-pizza', 'CALZONE HAM & CHEESE', 'คัลโซเน่แฮมและชีส', 'Tomato Sauce, Ham, Mozzarella Cheese', 'ซอสมะเขือเทศ, แฮม, ชีสมอสซาเรลล่า', 250.0, 'https://gjqevgkbjkharczhikcl.supabase.co/storage/v1/object/public/delivery_food/01-Pizza/15-calzone-ham-and-cheese.png', '01-Pizza/15-calzone-ham-and-cheese.png', '', 'Pizza Extras') ON CONFLICT (id) DO UPDATE SET category_id = EXCLUDED.category_id, name = EXCLUDED.name, name_th = EXCLUDED.name_th, description = EXCLUDED.description, description_th = EXCLUDED.description_th, price = EXCLUDED.price, image_url = EXCLUDED.image_url, image_file = EXCLUDED.image_file, sku = EXCLUDED.sku, allowed_extras_group = EXCLUDED.allowed_extras_group;
INSERT INTO pizza_variants (id, item_id, name, name_th, sku, price, price_modifier) VALUES ('10014', 'calzone-ham-and-cheese', '12"', '12"', '10014', 250.0, 0.0) ON CONFLICT (id) DO UPDATE SET item_id = EXCLUDED.item_id, name = EXCLUDED.name, name_th = EXCLUDED.name_th, sku = EXCLUDED.sku, price = EXCLUDED.price, price_modifier = EXCLUDED.price_modifier;
INSERT INTO pizza_variants (id, item_id, name, name_th, sku, price, price_modifier) VALUES ('10066', 'calzone-ham-and-cheese', '8"', '8"', '10066', 165.0, -85.0) ON CONFLICT (id) DO UPDATE SET item_id = EXCLUDED.item_id, name = EXCLUDED.name, name_th = EXCLUDED.name_th, sku = EXCLUDED.sku, price = EXCLUDED.price, price_modifier = EXCLUDED.price_modifier;
INSERT INTO pizza_items (id, category_id, name, name_th, description, description_th, price, image_url, image_file, sku, allowed_extras_group) VALUES ('pizza-salame', 'traditional-italian-pizza', 'PIZZA SALAME', 'พิซซ่าสลามี', 'Tomato Sauce, Olive Oil, Salame, Mozzarella Cheese', 'ซอสมะเขือเทศ, น้ำมันมะกอก, สลามี, ชีสมอซซาเรลล่า', 250.0, 'https://gjqevgkbjkharczhikcl.supabase.co/storage/v1/object/public/delivery_food/01-Pizza/16-pizza-salame.png', '01-Pizza/16-pizza-salame.png', '', 'Pizza Extras') ON CONFLICT (id) DO UPDATE SET category_id = EXCLUDED.category_id, name = EXCLUDED.name, name_th = EXCLUDED.name_th, description = EXCLUDED.description, description_th = EXCLUDED.description_th, price = EXCLUDED.price, image_url = EXCLUDED.image_url, image_file = EXCLUDED.image_file, sku = EXCLUDED.sku, allowed_extras_group = EXCLUDED.allowed_extras_group;
INSERT INTO pizza_variants (id, item_id, name, name_th, sku, price, price_modifier) VALUES ('10015', 'pizza-salame', '12"', '12"', '10015', 250.0, 0.0) ON CONFLICT (id) DO UPDATE SET item_id = EXCLUDED.item_id, name = EXCLUDED.name, name_th = EXCLUDED.name_th, sku = EXCLUDED.sku, price = EXCLUDED.price, price_modifier = EXCLUDED.price_modifier;
INSERT INTO pizza_variants (id, item_id, name, name_th, sku, price, price_modifier) VALUES ('10024', 'pizza-salame', '12" (Gorgonzola)', '12" (Gorgonzola)', '10024', 320.0, 70.0) ON CONFLICT (id) DO UPDATE SET item_id = EXCLUDED.item_id, name = EXCLUDED.name, name_th = EXCLUDED.name_th, sku = EXCLUDED.sku, price = EXCLUDED.price, price_modifier = EXCLUDED.price_modifier;
INSERT INTO pizza_variants (id, item_id, name, name_th, sku, price, price_modifier) VALUES ('10016', 'pizza-salame', '12" (Calabrese)', '12" (Calabrese)', '10016', 250.0, 0.0) ON CONFLICT (id) DO UPDATE SET item_id = EXCLUDED.item_id, name = EXCLUDED.name, name_th = EXCLUDED.name_th, sku = EXCLUDED.sku, price = EXCLUDED.price, price_modifier = EXCLUDED.price_modifier;
INSERT INTO pizza_variants (id, item_id, name, name_th, sku, price, price_modifier) VALUES ('10247', 'pizza-salame', '8"', '8"', '10247', 160.0, -90.0) ON CONFLICT (id) DO UPDATE SET item_id = EXCLUDED.item_id, name = EXCLUDED.name, name_th = EXCLUDED.name_th, sku = EXCLUDED.sku, price = EXCLUDED.price, price_modifier = EXCLUDED.price_modifier;
INSERT INTO pizza_variants (id, item_id, name, name_th, sku, price, price_modifier) VALUES ('10256', 'pizza-salame', '8" (Gorgonzola)', '8" (Gorgonzola)', '10256', 210.0, -40.0) ON CONFLICT (id) DO UPDATE SET item_id = EXCLUDED.item_id, name = EXCLUDED.name, name_th = EXCLUDED.name_th, sku = EXCLUDED.sku, price = EXCLUDED.price, price_modifier = EXCLUDED.price_modifier;
INSERT INTO pizza_variants (id, item_id, name, name_th, sku, price, price_modifier) VALUES ('10248', 'pizza-salame', '8" (Calabrese)', '8" (Calabrese)', '10248', 160.0, -90.0) ON CONFLICT (id) DO UPDATE SET item_id = EXCLUDED.item_id, name = EXCLUDED.name, name_th = EXCLUDED.name_th, sku = EXCLUDED.sku, price = EXCLUDED.price, price_modifier = EXCLUDED.price_modifier;
INSERT INTO pizza_items (id, category_id, name, name_th, description, description_th, price, image_url, image_file, sku, allowed_extras_group) VALUES ('pizza-salame-calabrese', 'traditional-italian-pizza', 'PIZZA SALAME CALABRESE', 'พิซซ่าสลามีคาลาเบรี', 'Tomato Sauce, Olive Oil, Spicy Salame, Mozzarella Cheese', 'ซอสมะเขือเทศ, น้ำมันมะกอก, สลามีเผ็ด, ชีสมอซซาเรลล่า', 250.0, 'https://gjqevgkbjkharczhikcl.supabase.co/storage/v1/object/public/delivery_food/01-Pizza/17-pizza-salame-calabrese.png', '01-Pizza/17-pizza-salame-calabrese.png', '', 'Pizza Extras') ON CONFLICT (id) DO UPDATE SET category_id = EXCLUDED.category_id, name = EXCLUDED.name, name_th = EXCLUDED.name_th, description = EXCLUDED.description, description_th = EXCLUDED.description_th, price = EXCLUDED.price, image_url = EXCLUDED.image_url, image_file = EXCLUDED.image_file, sku = EXCLUDED.sku, allowed_extras_group = EXCLUDED.allowed_extras_group;
INSERT INTO pizza_variants (id, item_id, name, name_th, sku, price, price_modifier) VALUES ('10016', 'pizza-salame-calabrese', '12"', '12"', '10016', 250.0, 0.0) ON CONFLICT (id) DO UPDATE SET item_id = EXCLUDED.item_id, name = EXCLUDED.name, name_th = EXCLUDED.name_th, sku = EXCLUDED.sku, price = EXCLUDED.price, price_modifier = EXCLUDED.price_modifier;
INSERT INTO pizza_variants (id, item_id, name, name_th, sku, price, price_modifier) VALUES ('10248', 'pizza-salame-calabrese', '8"', '8"', '10248', 160.0, -90.0) ON CONFLICT (id) DO UPDATE SET item_id = EXCLUDED.item_id, name = EXCLUDED.name, name_th = EXCLUDED.name_th, sku = EXCLUDED.sku, price = EXCLUDED.price, price_modifier = EXCLUDED.price_modifier;
INSERT INTO pizza_items (id, category_id, name, name_th, description, description_th, price, image_url, image_file, sku, allowed_extras_group) VALUES ('pizza-ham-and-artichokes', 'traditional-italian-pizza', 'PIZZA HAM & ARTICHOKES', 'พิซซ่าแฮมและอาร์ติโชค', 'Tomato Sauce, Olive Oil, Ham, Artichokes, Mozzarella Cheese', 'ซอสมะเขือเทศ, น้ำมันมะกอก, แฮม, อาร์ติโชค, ชีสมอซซาเรลล่า', 290.0, 'https://gjqevgkbjkharczhikcl.supabase.co/storage/v1/object/public/delivery_food/01-Pizza/18-pizza-ham-and-artichokes.png', '01-Pizza/18-pizza-ham-and-artichokes.png', '', 'Pizza Extras') ON CONFLICT (id) DO UPDATE SET category_id = EXCLUDED.category_id, name = EXCLUDED.name, name_th = EXCLUDED.name_th, description = EXCLUDED.description, description_th = EXCLUDED.description_th, price = EXCLUDED.price, image_url = EXCLUDED.image_url, image_file = EXCLUDED.image_file, sku = EXCLUDED.sku, allowed_extras_group = EXCLUDED.allowed_extras_group;
INSERT INTO pizza_variants (id, item_id, name, name_th, sku, price, price_modifier) VALUES ('10017', 'pizza-ham-and-artichokes', '12"', '12"', '10017', 290.0, 0.0) ON CONFLICT (id) DO UPDATE SET item_id = EXCLUDED.item_id, name = EXCLUDED.name, name_th = EXCLUDED.name_th, sku = EXCLUDED.sku, price = EXCLUDED.price, price_modifier = EXCLUDED.price_modifier;
INSERT INTO pizza_variants (id, item_id, name, name_th, sku, price, price_modifier) VALUES ('10109', 'pizza-ham-and-artichokes', '8"', '8"', '10109', 190.0, -100.0) ON CONFLICT (id) DO UPDATE SET item_id = EXCLUDED.item_id, name = EXCLUDED.name, name_th = EXCLUDED.name_th, sku = EXCLUDED.sku, price = EXCLUDED.price, price_modifier = EXCLUDED.price_modifier;
INSERT INTO pizza_items (id, category_id, name, name_th, description, description_th, price, image_url, image_file, sku, allowed_extras_group) VALUES ('pizza-bacon-bismark', 'traditional-italian-pizza', 'PIZZA BACON BISMARK', 'พิซซ่าเบคอนบิสมาร์ก', 'Tomato Sauce, Olive Oil, Bacon, Egg, Mozzarella Cheese', 'ซอสมะเขือเทศ, น้ำมันมะกอก, เบคอน, ไข่, ชีสมอซซาเรลล่า', 270.0, 'https://gjqevgkbjkharczhikcl.supabase.co/storage/v1/object/public/delivery_food/01-Pizza/19-pizza-bacon-bismark.png', '01-Pizza/19-pizza-bacon-bismark.png', '', 'Pizza Extras') ON CONFLICT (id) DO UPDATE SET category_id = EXCLUDED.category_id, name = EXCLUDED.name, name_th = EXCLUDED.name_th, description = EXCLUDED.description, description_th = EXCLUDED.description_th, price = EXCLUDED.price, image_url = EXCLUDED.image_url, image_file = EXCLUDED.image_file, sku = EXCLUDED.sku, allowed_extras_group = EXCLUDED.allowed_extras_group;
INSERT INTO pizza_variants (id, item_id, name, name_th, sku, price, price_modifier) VALUES ('10018', 'pizza-bacon-bismark', '12"', '12"', '10018', 270.0, 0.0) ON CONFLICT (id) DO UPDATE SET item_id = EXCLUDED.item_id, name = EXCLUDED.name, name_th = EXCLUDED.name_th, sku = EXCLUDED.sku, price = EXCLUDED.price, price_modifier = EXCLUDED.price_modifier;
INSERT INTO pizza_variants (id, item_id, name, name_th, sku, price, price_modifier) VALUES ('10101', 'pizza-bacon-bismark', '8"', '8"', '10101', 170.0, -100.0) ON CONFLICT (id) DO UPDATE SET item_id = EXCLUDED.item_id, name = EXCLUDED.name, name_th = EXCLUDED.name_th, sku = EXCLUDED.sku, price = EXCLUDED.price, price_modifier = EXCLUDED.price_modifier;
INSERT INTO pizza_items (id, category_id, name, name_th, description, description_th, price, image_url, image_file, sku, allowed_extras_group) VALUES ('pizza-ham-and-mushrooms', 'traditional-italian-pizza', 'PIZZA HAM & MUSHROOMS', 'พิซซ่าแฮมและเห็ด', 'Tomato Sauce, Olive Oil, Ham, Mushrooms, Mozzarella', 'ซอสมะเขือเทศ, น้ำมันมะกอก, แฮม, เห็ด, ชีสมอซซาเรลล่า', 260.0, 'https://gjqevgkbjkharczhikcl.supabase.co/storage/v1/object/public/delivery_food/01-Pizza/20-pizza-ham-and-mushrooms.png', '01-Pizza/20-pizza-ham-and-mushrooms.png', '', 'Pizza Extras') ON CONFLICT (id) DO UPDATE SET category_id = EXCLUDED.category_id, name = EXCLUDED.name, name_th = EXCLUDED.name_th, description = EXCLUDED.description, description_th = EXCLUDED.description_th, price = EXCLUDED.price, image_url = EXCLUDED.image_url, image_file = EXCLUDED.image_file, sku = EXCLUDED.sku, allowed_extras_group = EXCLUDED.allowed_extras_group;
INSERT INTO pizza_variants (id, item_id, name, name_th, sku, price, price_modifier) VALUES ('10019', 'pizza-ham-and-mushrooms', '12"', '12"', '10019', 260.0, 0.0) ON CONFLICT (id) DO UPDATE SET item_id = EXCLUDED.item_id, name = EXCLUDED.name, name_th = EXCLUDED.name_th, sku = EXCLUDED.sku, price = EXCLUDED.price, price_modifier = EXCLUDED.price_modifier;
INSERT INTO pizza_variants (id, item_id, name, name_th, sku, price, price_modifier) VALUES ('10112', 'pizza-ham-and-mushrooms', '8"', '8"', '10112', 170.0, -90.0) ON CONFLICT (id) DO UPDATE SET item_id = EXCLUDED.item_id, name = EXCLUDED.name, name_th = EXCLUDED.name_th, sku = EXCLUDED.sku, price = EXCLUDED.price, price_modifier = EXCLUDED.price_modifier;
INSERT INTO pizza_items (id, category_id, name, name_th, description, description_th, price, image_url, image_file, sku, allowed_extras_group) VALUES ('pizza-ham-and-sweet-bell-pepper', 'traditional-italian-pizza', 'PIZZA HAM & SWEET BELL PEPPER', 'พิซซ่าแฮมและพริกหวาน', 'Tomato Sauce, Olive Oil, Ham, Sweet Bell Peppers, Mozzarella', 'ซอสมะเขือเทศ, น้ำมันมะกอก, แฮม, พริกหวาน, ชีสมอซซาเรลล่า', 290.0, 'https://gjqevgkbjkharczhikcl.supabase.co/storage/v1/object/public/delivery_food/01-Pizza/21-pizza-ham-and-sweet-bell-pepper.png', '01-Pizza/21-pizza-ham-and-sweet-bell-pepper.png', '', 'Pizza Extras') ON CONFLICT (id) DO UPDATE SET category_id = EXCLUDED.category_id, name = EXCLUDED.name, name_th = EXCLUDED.name_th, description = EXCLUDED.description, description_th = EXCLUDED.description_th, price = EXCLUDED.price, image_url = EXCLUDED.image_url, image_file = EXCLUDED.image_file, sku = EXCLUDED.sku, allowed_extras_group = EXCLUDED.allowed_extras_group;
INSERT INTO pizza_variants (id, item_id, name, name_th, sku, price, price_modifier) VALUES ('10020', 'pizza-ham-and-sweet-bell-pepper', '12"', '12"', '10020', 290.0, 0.0) ON CONFLICT (id) DO UPDATE SET item_id = EXCLUDED.item_id, name = EXCLUDED.name, name_th = EXCLUDED.name_th, sku = EXCLUDED.sku, price = EXCLUDED.price, price_modifier = EXCLUDED.price_modifier;
INSERT INTO pizza_variants (id, item_id, name, name_th, sku, price, price_modifier) VALUES ('10115', 'pizza-ham-and-sweet-bell-pepper', '8"', '8"', '10115', 190.0, -100.0) ON CONFLICT (id) DO UPDATE SET item_id = EXCLUDED.item_id, name = EXCLUDED.name, name_th = EXCLUDED.name_th, sku = EXCLUDED.sku, price = EXCLUDED.price, price_modifier = EXCLUDED.price_modifier;
INSERT INTO pizza_items (id, category_id, name, name_th, description, description_th, price, image_url, image_file, sku, allowed_extras_group) VALUES ('pizza-pesto', 'traditional-italian-pizza', 'PIZZA PESTO', 'พิซซ่าเพสโต้', 'Pesto Basil Sauce, Olive Oil, Mozzarella Cheese', 'ซอสเพสโต้, น้ำมันมะกอก, ชีสมอซซาเรลล่า', 280.0, 'https://gjqevgkbjkharczhikcl.supabase.co/storage/v1/object/public/delivery_food/01-Pizza/22-pizza-pesto.png', '01-Pizza/22-pizza-pesto.png', '', 'Pizza Extras') ON CONFLICT (id) DO UPDATE SET category_id = EXCLUDED.category_id, name = EXCLUDED.name, name_th = EXCLUDED.name_th, description = EXCLUDED.description, description_th = EXCLUDED.description_th, price = EXCLUDED.price, image_url = EXCLUDED.image_url, image_file = EXCLUDED.image_file, sku = EXCLUDED.sku, allowed_extras_group = EXCLUDED.allowed_extras_group;
INSERT INTO pizza_variants (id, item_id, name, name_th, sku, price, price_modifier) VALUES ('10021', 'pizza-pesto', '12"', '12"', '10021', 280.0, 0.0) ON CONFLICT (id) DO UPDATE SET item_id = EXCLUDED.item_id, name = EXCLUDED.name, name_th = EXCLUDED.name_th, sku = EXCLUDED.sku, price = EXCLUDED.price, price_modifier = EXCLUDED.price_modifier;
INSERT INTO pizza_variants (id, item_id, name, name_th, sku, price, price_modifier) VALUES ('10140', 'pizza-pesto', '8"', '8"', '10140', 180.0, -100.0) ON CONFLICT (id) DO UPDATE SET item_id = EXCLUDED.item_id, name = EXCLUDED.name, name_th = EXCLUDED.name_th, sku = EXCLUDED.sku, price = EXCLUDED.price, price_modifier = EXCLUDED.price_modifier;
INSERT INTO pizza_items (id, category_id, name, name_th, description, description_th, price, image_url, image_file, sku, allowed_extras_group) VALUES ('pizza-tuna', 'traditional-italian-pizza', 'PIZZA TUNA', 'พิซซ่าทูน่า', 'Tomato Sauce, Olive Oil, Garlic, Onions, Tuna, Mozzarella', 'ซอสมะเขือเทศ, กระเทียม, หัวหอม, ปลาทูน่า, ชีสมอซซาเรลล่า', 280.0, 'https://gjqevgkbjkharczhikcl.supabase.co/storage/v1/object/public/delivery_food/01-Pizza/23-pizza-tuna.png', '01-Pizza/23-pizza-tuna.png', '', 'Pizza Extras') ON CONFLICT (id) DO UPDATE SET category_id = EXCLUDED.category_id, name = EXCLUDED.name, name_th = EXCLUDED.name_th, description = EXCLUDED.description, description_th = EXCLUDED.description_th, price = EXCLUDED.price, image_url = EXCLUDED.image_url, image_file = EXCLUDED.image_file, sku = EXCLUDED.sku, allowed_extras_group = EXCLUDED.allowed_extras_group;
INSERT INTO pizza_variants (id, item_id, name, name_th, sku, price, price_modifier) VALUES ('10022', 'pizza-tuna', '12"', '12"', '10022', 280.0, 0.0) ON CONFLICT (id) DO UPDATE SET item_id = EXCLUDED.item_id, name = EXCLUDED.name, name_th = EXCLUDED.name_th, sku = EXCLUDED.sku, price = EXCLUDED.price, price_modifier = EXCLUDED.price_modifier;
INSERT INTO pizza_variants (id, item_id, name, name_th, sku, price, price_modifier) VALUES ('10254', 'pizza-tuna', '8"', '8"', '10254', 180.0, -100.0) ON CONFLICT (id) DO UPDATE SET item_id = EXCLUDED.item_id, name = EXCLUDED.name, name_th = EXCLUDED.name_th, sku = EXCLUDED.sku, price = EXCLUDED.price, price_modifier = EXCLUDED.price_modifier;
INSERT INTO pizza_items (id, category_id, name, name_th, description, description_th, price, image_url, image_file, sku, allowed_extras_group) VALUES ('pizza-hawaiian', 'traditional-italian-pizza', 'PIZZA HAWAIIAN', 'พิซซ่าฮาวายเอี้ยน', 'Tomato Sauce, Olive Oil, Ham, Pineapple, Mozzarella Cheese', 'ซอสมะเขือเทศ, น้ำมันมะกอก, แฮม, สับปะรด, ชีสมอซซาเรลล่า', 290.0, 'https://gjqevgkbjkharczhikcl.supabase.co/storage/v1/object/public/delivery_food/01-Pizza/24-pizza-hawaiian.png', '01-Pizza/24-pizza-hawaiian.png', '', 'Pizza Extras') ON CONFLICT (id) DO UPDATE SET category_id = EXCLUDED.category_id, name = EXCLUDED.name, name_th = EXCLUDED.name_th, description = EXCLUDED.description, description_th = EXCLUDED.description_th, price = EXCLUDED.price, image_url = EXCLUDED.image_url, image_file = EXCLUDED.image_file, sku = EXCLUDED.sku, allowed_extras_group = EXCLUDED.allowed_extras_group;
INSERT INTO pizza_variants (id, item_id, name, name_th, sku, price, price_modifier) VALUES ('10023', 'pizza-hawaiian', '12"', '12"', '10023', 290.0, 0.0) ON CONFLICT (id) DO UPDATE SET item_id = EXCLUDED.item_id, name = EXCLUDED.name, name_th = EXCLUDED.name_th, sku = EXCLUDED.sku, price = EXCLUDED.price, price_modifier = EXCLUDED.price_modifier;
INSERT INTO pizza_variants (id, item_id, name, name_th, sku, price, price_modifier) VALUES ('10117', 'pizza-hawaiian', '8"', '8"', '10117', 190.0, -100.0) ON CONFLICT (id) DO UPDATE SET item_id = EXCLUDED.item_id, name = EXCLUDED.name, name_th = EXCLUDED.name_th, sku = EXCLUDED.sku, price = EXCLUDED.price, price_modifier = EXCLUDED.price_modifier;
INSERT INTO pizza_items (id, category_id, name, name_th, description, description_th, price, image_url, image_file, sku, allowed_extras_group) VALUES ('pizza-salame-and-gorgonzola', 'traditional-italian-pizza', 'PIZZA SALAME & GORGONZOLA', 'พิซซ่าสลามีกอร์กอนโซล่า', 'Tomato Sauce, Olive Oil, Salame, Gorgonzola, Mozzarella', 'ซอสมะเขือเทศ, สลามี, กอร์กอนโซล่า, ชีสมอซซาเรลล่า', 320.0, 'https://gjqevgkbjkharczhikcl.supabase.co/storage/v1/object/public/delivery_food/01-Pizza/25-pizza-salame-and-gorgonzola.png', '01-Pizza/25-pizza-salame-and-gorgonzola.png', '', 'Pizza Extras') ON CONFLICT (id) DO UPDATE SET category_id = EXCLUDED.category_id, name = EXCLUDED.name, name_th = EXCLUDED.name_th, description = EXCLUDED.description, description_th = EXCLUDED.description_th, price = EXCLUDED.price, image_url = EXCLUDED.image_url, image_file = EXCLUDED.image_file, sku = EXCLUDED.sku, allowed_extras_group = EXCLUDED.allowed_extras_group;
INSERT INTO pizza_variants (id, item_id, name, name_th, sku, price, price_modifier) VALUES ('10024', 'pizza-salame-and-gorgonzola', '12"', '12"', '10024', 320.0, 0.0) ON CONFLICT (id) DO UPDATE SET item_id = EXCLUDED.item_id, name = EXCLUDED.name, name_th = EXCLUDED.name_th, sku = EXCLUDED.sku, price = EXCLUDED.price, price_modifier = EXCLUDED.price_modifier;
INSERT INTO pizza_variants (id, item_id, name, name_th, sku, price, price_modifier) VALUES ('10256', 'pizza-salame-and-gorgonzola', '8"', '8"', '10256', 210.0, -110.0) ON CONFLICT (id) DO UPDATE SET item_id = EXCLUDED.item_id, name = EXCLUDED.name, name_th = EXCLUDED.name_th, sku = EXCLUDED.sku, price = EXCLUDED.price, price_modifier = EXCLUDED.price_modifier;
INSERT INTO pizza_items (id, category_id, name, name_th, description, description_th, price, image_url, image_file, sku, allowed_extras_group) VALUES ('pizza-4-formaggi', 'traditional-italian-pizza', 'PIZZA 4 FORMAGGI', 'พิซซ่าชีสสี่ชนิด', 'Mozzarella Cheese, Cheddar, Gorgonzola Cheese, Parmesan', 'ชีสมอสซาเรลล่า,เชดดาร์, ชีสกอร์กอนโซล่า, พาร์เมซาน', 330.0, 'https://gjqevgkbjkharczhikcl.supabase.co/storage/v1/object/public/delivery_food/01-Pizza/26-pizza-4-formaggi.png', '01-Pizza/26-pizza-4-formaggi.png', '', 'Pizza Extras') ON CONFLICT (id) DO UPDATE SET category_id = EXCLUDED.category_id, name = EXCLUDED.name, name_th = EXCLUDED.name_th, description = EXCLUDED.description, description_th = EXCLUDED.description_th, price = EXCLUDED.price, image_url = EXCLUDED.image_url, image_file = EXCLUDED.image_file, sku = EXCLUDED.sku, allowed_extras_group = EXCLUDED.allowed_extras_group;
INSERT INTO pizza_variants (id, item_id, name, name_th, sku, price, price_modifier) VALUES ('10025', 'pizza-4-formaggi', '12" (4)', '12" (4)', '10025', 330.0, 0.0) ON CONFLICT (id) DO UPDATE SET item_id = EXCLUDED.item_id, name = EXCLUDED.name, name_th = EXCLUDED.name_th, sku = EXCLUDED.sku, price = EXCLUDED.price, price_modifier = EXCLUDED.price_modifier;
INSERT INTO pizza_variants (id, item_id, name, name_th, sku, price, price_modifier) VALUES ('10067', 'pizza-4-formaggi', '8" (4)', '8" (4)', '10067', 220.0, -110.0) ON CONFLICT (id) DO UPDATE SET item_id = EXCLUDED.item_id, name = EXCLUDED.name, name_th = EXCLUDED.name_th, sku = EXCLUDED.sku, price = EXCLUDED.price, price_modifier = EXCLUDED.price_modifier;
INSERT INTO pizza_items (id, category_id, name, name_th, description, description_th, price, image_url, image_file, sku, allowed_extras_group) VALUES ('pizza-4-stagioni', 'traditional-italian-pizza', 'PIZZA 4 STAGIONI', 'พิซซ่าคาโวร์สตาจิโอเน', 'Tomato Sauce, Ham, Mushrooms, Artichokes, Olives, Mozzarella', 'ซอสมะเขือเทศ, แฮม, เห็ด, อาร์ติโชค, มะกอก, ชีสมอซซาเรลล่า', 350.0, 'https://gjqevgkbjkharczhikcl.supabase.co/storage/v1/object/public/delivery_food/01-Pizza/27-pizza-4-stagioni.png', '01-Pizza/27-pizza-4-stagioni.png', '', 'Pizza Extras') ON CONFLICT (id) DO UPDATE SET category_id = EXCLUDED.category_id, name = EXCLUDED.name, name_th = EXCLUDED.name_th, description = EXCLUDED.description, description_th = EXCLUDED.description_th, price = EXCLUDED.price, image_url = EXCLUDED.image_url, image_file = EXCLUDED.image_file, sku = EXCLUDED.sku, allowed_extras_group = EXCLUDED.allowed_extras_group;
INSERT INTO pizza_variants (id, item_id, name, name_th, sku, price, price_modifier) VALUES ('10026', 'pizza-4-stagioni', '12" (4)', '12" (4)', '10026', 350.0, 0.0) ON CONFLICT (id) DO UPDATE SET item_id = EXCLUDED.item_id, name = EXCLUDED.name, name_th = EXCLUDED.name_th, sku = EXCLUDED.sku, price = EXCLUDED.price, price_modifier = EXCLUDED.price_modifier;
INSERT INTO pizza_variants (id, item_id, name, name_th, sku, price, price_modifier) VALUES ('10089', 'pizza-4-stagioni', '8" (4)', '8" (4)', '10089', 240.0, -110.0) ON CONFLICT (id) DO UPDATE SET item_id = EXCLUDED.item_id, name = EXCLUDED.name, name_th = EXCLUDED.name_th, sku = EXCLUDED.sku, price = EXCLUDED.price, price_modifier = EXCLUDED.price_modifier;
INSERT INTO pizza_items (id, category_id, name, name_th, description, description_th, price, image_url, image_file, sku, allowed_extras_group) VALUES ('pizza-capricciosa', 'traditional-italian-pizza', 'PIZZA CAPRICCIOSA', 'พิซซ่าคาปริโชซ่า', 'Tomato Sauce, Ham, Mushrooms, Artichokes, Olives, Mozzarella', 'ซอสมะเขือเทศ, แฮม, เห็ด, อาร์ติโชค, มะกอก, ชีสมอซซาเรลล่า', 350.0, 'https://gjqevgkbjkharczhikcl.supabase.co/storage/v1/object/public/delivery_food/01-Pizza/28-pizza-capricciosa.png', '01-Pizza/28-pizza-capricciosa.png', '', 'Pizza Extras') ON CONFLICT (id) DO UPDATE SET category_id = EXCLUDED.category_id, name = EXCLUDED.name, name_th = EXCLUDED.name_th, description = EXCLUDED.description, description_th = EXCLUDED.description_th, price = EXCLUDED.price, image_url = EXCLUDED.image_url, image_file = EXCLUDED.image_file, sku = EXCLUDED.sku, allowed_extras_group = EXCLUDED.allowed_extras_group;
INSERT INTO pizza_variants (id, item_id, name, name_th, sku, price, price_modifier) VALUES ('10027', 'pizza-capricciosa', '12"', '12"', '10027', 350.0, 0.0) ON CONFLICT (id) DO UPDATE SET item_id = EXCLUDED.item_id, name = EXCLUDED.name, name_th = EXCLUDED.name_th, sku = EXCLUDED.sku, price = EXCLUDED.price, price_modifier = EXCLUDED.price_modifier;
INSERT INTO pizza_variants (id, item_id, name, name_th, sku, price, price_modifier) VALUES ('10106', 'pizza-capricciosa', '8"', '8"', '10106', 240.0, -110.0) ON CONFLICT (id) DO UPDATE SET item_id = EXCLUDED.item_id, name = EXCLUDED.name, name_th = EXCLUDED.name_th, sku = EXCLUDED.sku, price = EXCLUDED.price, price_modifier = EXCLUDED.price_modifier;
INSERT INTO pizza_items (id, category_id, name, name_th, description, description_th, price, image_url, image_file, sku, allowed_extras_group) VALUES ('pizza-flower-power', 'traditional-italian-pizza', 'PIZZA FLOWER POWER', 'พิซซ่าฟลาวเวอร์พาวเวอร์', 'Italian Sausage, Artichokes, Gorgonzola, Mozzarella', 'ไส้กรอกอิตาลี, อาร์ติโชค, ชีสกอร์กอนโซล่า, ชีสมอสซาเรลล่า', 350.0, 'https://gjqevgkbjkharczhikcl.supabase.co/storage/v1/object/public/delivery_food/01-Pizza/29-pizza-flower-power.png', '01-Pizza/29-pizza-flower-power.png', '', 'Pizza Extras') ON CONFLICT (id) DO UPDATE SET category_id = EXCLUDED.category_id, name = EXCLUDED.name, name_th = EXCLUDED.name_th, description = EXCLUDED.description, description_th = EXCLUDED.description_th, price = EXCLUDED.price, image_url = EXCLUDED.image_url, image_file = EXCLUDED.image_file, sku = EXCLUDED.sku, allowed_extras_group = EXCLUDED.allowed_extras_group;
INSERT INTO pizza_variants (id, item_id, name, name_th, sku, price, price_modifier) VALUES ('10028', 'pizza-flower-power', '12"', '12"', '10028', 350.0, 0.0) ON CONFLICT (id) DO UPDATE SET item_id = EXCLUDED.item_id, name = EXCLUDED.name, name_th = EXCLUDED.name_th, sku = EXCLUDED.sku, price = EXCLUDED.price, price_modifier = EXCLUDED.price_modifier;
INSERT INTO pizza_variants (id, item_id, name, name_th, sku, price, price_modifier) VALUES ('10108', 'pizza-flower-power', '8"', '8"', '10108', 240.0, -110.0) ON CONFLICT (id) DO UPDATE SET item_id = EXCLUDED.item_id, name = EXCLUDED.name, name_th = EXCLUDED.name_th, sku = EXCLUDED.sku, price = EXCLUDED.price, price_modifier = EXCLUDED.price_modifier;
INSERT INTO pizza_items (id, category_id, name, name_th, description, description_th, price, image_url, image_file, sku, allowed_extras_group) VALUES ('pizza-puttanesca', 'traditional-italian-pizza', 'PIZZA PUTTANESCA', 'พิซซ่าพุตตาเนสกา', 'Tomato Sauce, Salty Anchovies, Capers, Olives, Mozzarella', 'มะเขือเทศ, ปลาแอนโชวี่เค็ม,เคเปอร์, มะกอก, ชีสมอสซาเรลล่า', 350.0, 'https://gjqevgkbjkharczhikcl.supabase.co/storage/v1/object/public/delivery_food/01-Pizza/30-pizza-puttanesca.png', '01-Pizza/30-pizza-puttanesca.png', '', 'Pizza Extras') ON CONFLICT (id) DO UPDATE SET category_id = EXCLUDED.category_id, name = EXCLUDED.name, name_th = EXCLUDED.name_th, description = EXCLUDED.description, description_th = EXCLUDED.description_th, price = EXCLUDED.price, image_url = EXCLUDED.image_url, image_file = EXCLUDED.image_file, sku = EXCLUDED.sku, allowed_extras_group = EXCLUDED.allowed_extras_group;
INSERT INTO pizza_variants (id, item_id, name, name_th, sku, price, price_modifier) VALUES ('10029', 'pizza-puttanesca', '12"', '12"', '10029', 350.0, 0.0) ON CONFLICT (id) DO UPDATE SET item_id = EXCLUDED.item_id, name = EXCLUDED.name, name_th = EXCLUDED.name_th, sku = EXCLUDED.sku, price = EXCLUDED.price, price_modifier = EXCLUDED.price_modifier;
INSERT INTO pizza_variants (id, item_id, name, name_th, sku, price, price_modifier) VALUES ('10261', 'pizza-puttanesca', '8"', '8"', '10261', 240.0, -110.0) ON CONFLICT (id) DO UPDATE SET item_id = EXCLUDED.item_id, name = EXCLUDED.name, name_th = EXCLUDED.name_th, sku = EXCLUDED.sku, price = EXCLUDED.price, price_modifier = EXCLUDED.price_modifier;
INSERT INTO pizza_items (id, category_id, name, name_th, description, description_th, price, image_url, image_file, sku, allowed_extras_group) VALUES ('pizza-seafood', 'traditional-italian-pizza', 'PIZZA SEAFOOD', 'พิซซ่าซีฟู้ด', 'Tomato Sauce, Olive Oil, Garlic, Seafood', 'ซอสมะเขือเทศ, น้ำมันมะกอก, กระเทียม, ซีฟู้ด', 350.0, 'https://gjqevgkbjkharczhikcl.supabase.co/storage/v1/object/public/delivery_food/01-Pizza/31-pizza-seafood.png', '01-Pizza/31-pizza-seafood.png', '', 'Pizza Extras') ON CONFLICT (id) DO UPDATE SET category_id = EXCLUDED.category_id, name = EXCLUDED.name, name_th = EXCLUDED.name_th, description = EXCLUDED.description, description_th = EXCLUDED.description_th, price = EXCLUDED.price, image_url = EXCLUDED.image_url, image_file = EXCLUDED.image_file, sku = EXCLUDED.sku, allowed_extras_group = EXCLUDED.allowed_extras_group;
INSERT INTO pizza_variants (id, item_id, name, name_th, sku, price, price_modifier) VALUES ('10030', 'pizza-seafood', '12"', '12"', '10030', 350.0, 0.0) ON CONFLICT (id) DO UPDATE SET item_id = EXCLUDED.item_id, name = EXCLUDED.name, name_th = EXCLUDED.name_th, sku = EXCLUDED.sku, price = EXCLUDED.price, price_modifier = EXCLUDED.price_modifier;
INSERT INTO pizza_variants (id, item_id, name, name_th, sku, price, price_modifier) VALUES ('10262', 'pizza-seafood', '8"', '8"', '10262', 240.0, -110.0) ON CONFLICT (id) DO UPDATE SET item_id = EXCLUDED.item_id, name = EXCLUDED.name, name_th = EXCLUDED.name_th, sku = EXCLUDED.sku, price = EXCLUDED.price, price_modifier = EXCLUDED.price_modifier;
INSERT INTO pizza_items (id, category_id, name, name_th, description, description_th, price, image_url, image_file, sku, allowed_extras_group) VALUES ('pizza-stella', 'traditional-italian-pizza', 'PIZZA STELLA', 'พิซซ่าดาว', 'German Sausage, Bacon, Gorgonzola, Egg, Mozzarella', 'ฮ็อตด็อก, เบคอน, ชีสกอร์กอนโซล่า, ไข่, ชีสมอสซาเรลล่า', 350.0, 'https://gjqevgkbjkharczhikcl.supabase.co/storage/v1/object/public/delivery_food/01-Pizza/32-pizza-stella.png', '01-Pizza/32-pizza-stella.png', '', 'Pizza Extras') ON CONFLICT (id) DO UPDATE SET category_id = EXCLUDED.category_id, name = EXCLUDED.name, name_th = EXCLUDED.name_th, description = EXCLUDED.description, description_th = EXCLUDED.description_th, price = EXCLUDED.price, image_url = EXCLUDED.image_url, image_file = EXCLUDED.image_file, sku = EXCLUDED.sku, allowed_extras_group = EXCLUDED.allowed_extras_group;
INSERT INTO pizza_variants (id, item_id, name, name_th, sku, price, price_modifier) VALUES ('10031', 'pizza-stella', '12"', '12"', '10031', 350.0, 0.0) ON CONFLICT (id) DO UPDATE SET item_id = EXCLUDED.item_id, name = EXCLUDED.name, name_th = EXCLUDED.name_th, sku = EXCLUDED.sku, price = EXCLUDED.price, price_modifier = EXCLUDED.price_modifier;
INSERT INTO pizza_variants (id, item_id, name, name_th, sku, price, price_modifier) VALUES ('10263', 'pizza-stella', '8"', '8"', '10263', 240.0, -110.0) ON CONFLICT (id) DO UPDATE SET item_id = EXCLUDED.item_id, name = EXCLUDED.name, name_th = EXCLUDED.name_th, sku = EXCLUDED.sku, price = EXCLUDED.price, price_modifier = EXCLUDED.price_modifier;
INSERT INTO pizza_categories (id, name, name_th, icon) VALUES ('pasta', 'Pasta', 'พาสต้า', '🍝') ON CONFLICT (id) DO UPDATE SET name = EXCLUDED.name, name_th = EXCLUDED.name_th, icon = EXCLUDED.icon;
INSERT INTO pizza_items (id, category_id, name, name_th, description, description_th, price, image_url, image_file, sku, allowed_extras_group) VALUES ('spaghetti-aglio-e-olio', 'pasta', 'SPAGHETTI AGLIO E OLIO', 'สปาเกตตี้ อาลิโอ เอ โอลิโอ', 'Olive Oil, Garlic, Fresh Chili, Parmesan Cheese', 'น้ำมันมะกอก, กระเทียม, พริกสด, ชีสพาร์เมซาน', 110.0, 'https://gjqevgkbjkharczhikcl.supabase.co/storage/v1/object/public/delivery_food/02-Pasta/Garlic, Oil & Chili/01-spaghetti-aglio-e-olio.png', '02-Pasta/Garlic, Oil & Chili/01-spaghetti-aglio-e-olio.png', '10153', 'None') ON CONFLICT (id) DO UPDATE SET category_id = EXCLUDED.category_id, name = EXCLUDED.name, name_th = EXCLUDED.name_th, description = EXCLUDED.description, description_th = EXCLUDED.description_th, price = EXCLUDED.price, image_url = EXCLUDED.image_url, image_file = EXCLUDED.image_file, sku = EXCLUDED.sku, allowed_extras_group = EXCLUDED.allowed_extras_group;
INSERT INTO pizza_items (id, category_id, name, name_th, description, description_th, price, image_url, image_file, sku, allowed_extras_group) VALUES ('penne-aglio-e-olio', 'pasta', 'PENNE AGLIO E OLIO', 'เพนเน่ อาลิโอ เอ โอลิโอ', 'Olive Oil, Garlic, Fresh Chili, Parmesan Cheese', 'น้ำมันมะกอก, กระเทียม, พริกสด, ชีสพาร์เมซาน', 110.0, 'https://gjqevgkbjkharczhikcl.supabase.co/storage/v1/object/public/delivery_food/02-Pasta/Garlic, Oil & Chili/02-penne-aglio-e-olio.png', '02-Pasta/Garlic, Oil & Chili/02-penne-aglio-e-olio.png', '10184', 'None') ON CONFLICT (id) DO UPDATE SET category_id = EXCLUDED.category_id, name = EXCLUDED.name, name_th = EXCLUDED.name_th, description = EXCLUDED.description, description_th = EXCLUDED.description_th, price = EXCLUDED.price, image_url = EXCLUDED.image_url, image_file = EXCLUDED.image_file, sku = EXCLUDED.sku, allowed_extras_group = EXCLUDED.allowed_extras_group;
INSERT INTO pizza_items (id, category_id, name, name_th, description, description_th, price, image_url, image_file, sku, allowed_extras_group) VALUES ('tagliatelle-aglio-e-olio', 'pasta', 'TAGLIATELLE AGLIO E OLIO', 'ทาเกรียเทลล่า พริกกระเทียม', 'Olive Oil, Garlic, Fresh Chili, Parmesan Cheese', 'น้ำมันมะกอก, กระเทียม, พริกสด, ชีสพาร์เมซาน', 130.0, 'https://gjqevgkbjkharczhikcl.supabase.co/storage/v1/object/public/delivery_food/02-Pasta/Garlic, Oil & Chili/03-tagliatelle-aglio-e-olio.png', '02-Pasta/Garlic, Oil & Chili/03-tagliatelle-aglio-e-olio.png', '10200', 'None') ON CONFLICT (id) DO UPDATE SET category_id = EXCLUDED.category_id, name = EXCLUDED.name, name_th = EXCLUDED.name_th, description = EXCLUDED.description, description_th = EXCLUDED.description_th, price = EXCLUDED.price, image_url = EXCLUDED.image_url, image_file = EXCLUDED.image_file, sku = EXCLUDED.sku, allowed_extras_group = EXCLUDED.allowed_extras_group;
INSERT INTO pizza_items (id, category_id, name, name_th, description, description_th, price, image_url, image_file, sku, allowed_extras_group) VALUES ('gnocchi-aglio-e-olio', 'pasta', 'GNOCCHI AGLIO E OLIO', 'ญอคคี พริกกระเทียม', 'Olive Oil, Garlic, Fresh Chili, Parmesan Cheese', 'น้ำมันมะกอก, กระเทียม, พริกสด, ชีสพาร์เมซาน', 150.0, 'https://gjqevgkbjkharczhikcl.supabase.co/storage/v1/object/public/delivery_food/02-Pasta/Garlic, Oil & Chili/04-gnocchi-aglio-e-olio.png', '02-Pasta/Garlic, Oil & Chili/04-gnocchi-aglio-e-olio.png', '10180', 'None') ON CONFLICT (id) DO UPDATE SET category_id = EXCLUDED.category_id, name = EXCLUDED.name, name_th = EXCLUDED.name_th, description = EXCLUDED.description, description_th = EXCLUDED.description_th, price = EXCLUDED.price, image_url = EXCLUDED.image_url, image_file = EXCLUDED.image_file, sku = EXCLUDED.sku, allowed_extras_group = EXCLUDED.allowed_extras_group;
INSERT INTO pizza_items (id, category_id, name, name_th, description, description_th, price, image_url, image_file, sku, allowed_extras_group) VALUES ('ravioli-aglio-e-olio', 'pasta', 'RAVIOLI AGLIO E OLIO', 'ราวิโอลี พริกกระเทียม', 'Olive Oil, Garlic, Fresh Chili, Parmesan Cheese', 'น้ำมันมะกอก, กระเทียม, พริกสด, ชีสพาร์เมซาน', 190.0, 'https://gjqevgkbjkharczhikcl.supabase.co/storage/v1/object/public/delivery_food/02-Pasta/Garlic, Oil & Chili/05-ravioli-aglio-e-olio.png', '02-Pasta/Garlic, Oil & Chili/05-ravioli-aglio-e-olio.png', '10050', 'None') ON CONFLICT (id) DO UPDATE SET category_id = EXCLUDED.category_id, name = EXCLUDED.name, name_th = EXCLUDED.name_th, description = EXCLUDED.description, description_th = EXCLUDED.description_th, price = EXCLUDED.price, image_url = EXCLUDED.image_url, image_file = EXCLUDED.image_file, sku = EXCLUDED.sku, allowed_extras_group = EXCLUDED.allowed_extras_group;
INSERT INTO pizza_items (id, category_id, name, name_th, description, description_th, price, image_url, image_file, sku, allowed_extras_group) VALUES ('spaghetti-al-pomodoro', 'pasta', 'SPAGHETTI AL POMODORO', 'สปาเกตตี้ อัล โพโมโดโร่', 'Tomato Sauce, Olive Oil, Oregano, Basil, Parmesan Cheese', 'ซอสมะเขือเทศ, น้ำมันมะกอก, ออริกาโน, โหระพา, พาร์เมซานชีส', 150.0, 'https://gjqevgkbjkharczhikcl.supabase.co/storage/v1/object/public/delivery_food/02-Pasta/Tomato Sauce/06-spaghetti-al-pomodoro.png', '02-Pasta/Tomato Sauce/06-spaghetti-al-pomodoro.png', '10185', 'None') ON CONFLICT (id) DO UPDATE SET category_id = EXCLUDED.category_id, name = EXCLUDED.name, name_th = EXCLUDED.name_th, description = EXCLUDED.description, description_th = EXCLUDED.description_th, price = EXCLUDED.price, image_url = EXCLUDED.image_url, image_file = EXCLUDED.image_file, sku = EXCLUDED.sku, allowed_extras_group = EXCLUDED.allowed_extras_group;
INSERT INTO pizza_items (id, category_id, name, name_th, description, description_th, price, image_url, image_file, sku, allowed_extras_group) VALUES ('penne-al-pomodoro', 'pasta', 'PENNE AL POMODORO', 'เพนเน่ อัล โพโมโดโร่', 'Tomato Sauce, Olive Oil, Oregano, Basil, Parmesan Cheese', 'ซอสมะเขือเทศ, น้ำมันมะกอก, ออริกาโน, โหระพา, พาร์เมซานชีส', 150.0, 'https://gjqevgkbjkharczhikcl.supabase.co/storage/v1/object/public/delivery_food/02-Pasta/Tomato Sauce/07-penne-al-pomodoro.png', '02-Pasta/Tomato Sauce/07-penne-al-pomodoro.png', '10170', 'None') ON CONFLICT (id) DO UPDATE SET category_id = EXCLUDED.category_id, name = EXCLUDED.name, name_th = EXCLUDED.name_th, description = EXCLUDED.description, description_th = EXCLUDED.description_th, price = EXCLUDED.price, image_url = EXCLUDED.image_url, image_file = EXCLUDED.image_file, sku = EXCLUDED.sku, allowed_extras_group = EXCLUDED.allowed_extras_group;
INSERT INTO pizza_items (id, category_id, name, name_th, description, description_th, price, image_url, image_file, sku, allowed_extras_group) VALUES ('tagliatelle-al-pomodoro', 'pasta', 'TAGLIATELLE AL POMODORO', 'ทาเกรียเทลล่า อัล มะเขือเทศ', 'Tomato Sauce, Olive Oil, Oregano, Basil, Parmesan Cheese', 'ซอสมะเขือเทศ, น้ำมันมะกอก, ออริกาโน, โหระพา, พาร์เมซานชีส', 170.0, 'https://gjqevgkbjkharczhikcl.supabase.co/storage/v1/object/public/delivery_food/02-Pasta/Tomato Sauce/08-tagliatelle-al-pomodoro.png', '02-Pasta/Tomato Sauce/08-tagliatelle-al-pomodoro.png', '10198', 'None') ON CONFLICT (id) DO UPDATE SET category_id = EXCLUDED.category_id, name = EXCLUDED.name, name_th = EXCLUDED.name_th, description = EXCLUDED.description, description_th = EXCLUDED.description_th, price = EXCLUDED.price, image_url = EXCLUDED.image_url, image_file = EXCLUDED.image_file, sku = EXCLUDED.sku, allowed_extras_group = EXCLUDED.allowed_extras_group;
INSERT INTO pizza_items (id, category_id, name, name_th, description, description_th, price, image_url, image_file, sku, allowed_extras_group) VALUES ('gnocchi-al-pomodoro', 'pasta', 'GNOCCHI AL POMODORO', 'ญอคคี อัล มะเขือเทศ', 'Tomato Sauce, Olive Oil, Oregano, Basil, Parmesan Cheese', 'ซอสมะเขือเทศ, น้ำมันมะกอก, ออริกาโน, โหระพา, พาร์เมซานชีส', 190.0, 'https://gjqevgkbjkharczhikcl.supabase.co/storage/v1/object/public/delivery_food/02-Pasta/Tomato Sauce/09-gnocchi-al-pomodoro.png', '02-Pasta/Tomato Sauce/09-gnocchi-al-pomodoro.png', '10179', 'None') ON CONFLICT (id) DO UPDATE SET category_id = EXCLUDED.category_id, name = EXCLUDED.name, name_th = EXCLUDED.name_th, description = EXCLUDED.description, description_th = EXCLUDED.description_th, price = EXCLUDED.price, image_url = EXCLUDED.image_url, image_file = EXCLUDED.image_file, sku = EXCLUDED.sku, allowed_extras_group = EXCLUDED.allowed_extras_group;
INSERT INTO pizza_items (id, category_id, name, name_th, description, description_th, price, image_url, image_file, sku, allowed_extras_group) VALUES ('ravioli-al-pomodoro', 'pasta', 'RAVIOLI AL POMODORO', 'ราวิโอลี อัล มะเขือเทศ', 'Tomato Sauce, Olive Oil, Oregano, Basil, Parmesan Cheese', 'ซอสมะเขือเทศ, น้ำมันมะกอก, ออริกาโน, โหระพา, พาร์เมซานชีส', 230.0, 'https://gjqevgkbjkharczhikcl.supabase.co/storage/v1/object/public/delivery_food/02-Pasta/Tomato Sauce/10-ravioli-al-pomodoro.png', '02-Pasta/Tomato Sauce/10-ravioli-al-pomodoro.png', '10051', 'None') ON CONFLICT (id) DO UPDATE SET category_id = EXCLUDED.category_id, name = EXCLUDED.name, name_th = EXCLUDED.name_th, description = EXCLUDED.description, description_th = EXCLUDED.description_th, price = EXCLUDED.price, image_url = EXCLUDED.image_url, image_file = EXCLUDED.image_file, sku = EXCLUDED.sku, allowed_extras_group = EXCLUDED.allowed_extras_group;
INSERT INTO pizza_items (id, category_id, name, name_th, description, description_th, price, image_url, image_file, sku, allowed_extras_group) VALUES ('spaghetti-al-pesto', 'pasta', 'SPAGHETTI AL PESTO', 'สปาเกตตี้ อัล เพสโต้', 'Basil, Garlic, Cashew Nuts, Olive Oil, Pecorino Romano, Parmesan Cheese', 'โหระพา, กระเทียม, เม็ดมะม่วง, น้ำมันมะกอก, ชีสเปโคริโน, ชีสพาร์เมซาน', 150.0, 'https://gjqevgkbjkharczhikcl.supabase.co/storage/v1/object/public/delivery_food/02-Pasta/Pesto Genovese/11-spaghetti-al-pesto.png', '02-Pasta/Pesto Genovese/11-spaghetti-al-pesto.png', '10158', 'None') ON CONFLICT (id) DO UPDATE SET category_id = EXCLUDED.category_id, name = EXCLUDED.name, name_th = EXCLUDED.name_th, description = EXCLUDED.description, description_th = EXCLUDED.description_th, price = EXCLUDED.price, image_url = EXCLUDED.image_url, image_file = EXCLUDED.image_file, sku = EXCLUDED.sku, allowed_extras_group = EXCLUDED.allowed_extras_group;
INSERT INTO pizza_items (id, category_id, name, name_th, description, description_th, price, image_url, image_file, sku, allowed_extras_group) VALUES ('penne-al-pesto', 'pasta', 'PENNE AL PESTO', 'เพนเน่ อัล เพสโต้', 'Basil, Garlic, Cashew Nuts, Olive Oil, Pecorino Romano, Parmesan Cheese', 'โหระพา, กระเทียม, เม็ดมะม่วง, น้ำมันมะกอก, ชีสเปโคริโน, ชีสพาร์เมซาน', 150.0, 'https://gjqevgkbjkharczhikcl.supabase.co/storage/v1/object/public/delivery_food/02-Pasta/Pesto Genovese/12-penne-al-pesto.png', '02-Pasta/Pesto Genovese/12-penne-al-pesto.png', '10173', 'None') ON CONFLICT (id) DO UPDATE SET category_id = EXCLUDED.category_id, name = EXCLUDED.name, name_th = EXCLUDED.name_th, description = EXCLUDED.description, description_th = EXCLUDED.description_th, price = EXCLUDED.price, image_url = EXCLUDED.image_url, image_file = EXCLUDED.image_file, sku = EXCLUDED.sku, allowed_extras_group = EXCLUDED.allowed_extras_group;
INSERT INTO pizza_items (id, category_id, name, name_th, description, description_th, price, image_url, image_file, sku, allowed_extras_group) VALUES ('tagliatelle-al-pesto', 'pasta', 'TAGLIATELLE AL PESTO', 'ทาเกรียเทลล่า อัล เพสโต้', 'Basil, Garlic, Cashew Nuts, Olive Oil, Pecorino Romano, Parmesan Cheese', 'โหระพา, กระเทียม, เม็ดมะม่วง, น้ำมันมะกอก, ชีสเปโคริโน, ชีสพาร์เมซาน', 170.0, 'https://gjqevgkbjkharczhikcl.supabase.co/storage/v1/object/public/delivery_food/02-Pasta/Pesto Genovese/13-tagliatelle-al-pesto.png', '02-Pasta/Pesto Genovese/13-tagliatelle-al-pesto.png', '10194', 'None') ON CONFLICT (id) DO UPDATE SET category_id = EXCLUDED.category_id, name = EXCLUDED.name, name_th = EXCLUDED.name_th, description = EXCLUDED.description, description_th = EXCLUDED.description_th, price = EXCLUDED.price, image_url = EXCLUDED.image_url, image_file = EXCLUDED.image_file, sku = EXCLUDED.sku, allowed_extras_group = EXCLUDED.allowed_extras_group;
INSERT INTO pizza_items (id, category_id, name, name_th, description, description_th, price, image_url, image_file, sku, allowed_extras_group) VALUES ('gnocchi-al-pesto', 'pasta', 'GNOCCHI AL PESTO', 'ญอคคี อัล เพสโต้', 'Basil, Garlic, Cashew Nuts, Olive Oil, Pecorino Romano, Parmesan Cheese', 'โหระพา, กระเทียม, เม็ดมะม่วง, น้ำมันมะกอก, ชีสเปโคริโน, ชีสพาร์เมซาน', 190.0, 'https://gjqevgkbjkharczhikcl.supabase.co/storage/v1/object/public/delivery_food/02-Pasta/Pesto Genovese/14-gnocchi-al-pesto.png', '02-Pasta/Pesto Genovese/14-gnocchi-al-pesto.png', '10175', 'None') ON CONFLICT (id) DO UPDATE SET category_id = EXCLUDED.category_id, name = EXCLUDED.name, name_th = EXCLUDED.name_th, description = EXCLUDED.description, description_th = EXCLUDED.description_th, price = EXCLUDED.price, image_url = EXCLUDED.image_url, image_file = EXCLUDED.image_file, sku = EXCLUDED.sku, allowed_extras_group = EXCLUDED.allowed_extras_group;
INSERT INTO pizza_items (id, category_id, name, name_th, description, description_th, price, image_url, image_file, sku, allowed_extras_group) VALUES ('ravioli-al-pesto', 'pasta', 'RAVIOLI AL PESTO', 'ราวิโอลี อัล เพสโต้', 'Basil, Garlic, Cashew Nuts, Olive Oil, Pecorino Romano, Parmesan Cheese', 'โหระพา, กระเทียม, เม็ดมะม่วง, น้ำมันมะกอก, ชีสเปโคริโน, ชีสพาร์เมซาน', 230.0, 'https://gjqevgkbjkharczhikcl.supabase.co/storage/v1/object/public/delivery_food/02-Pasta/Pesto Genovese/15-ravioli-al-pesto.png', '02-Pasta/Pesto Genovese/15-ravioli-al-pesto.png', '10052', 'None') ON CONFLICT (id) DO UPDATE SET category_id = EXCLUDED.category_id, name = EXCLUDED.name, name_th = EXCLUDED.name_th, description = EXCLUDED.description, description_th = EXCLUDED.description_th, price = EXCLUDED.price, image_url = EXCLUDED.image_url, image_file = EXCLUDED.image_file, sku = EXCLUDED.sku, allowed_extras_group = EXCLUDED.allowed_extras_group;
INSERT INTO pizza_items (id, category_id, name, name_th, description, description_th, price, image_url, image_file, sku, allowed_extras_group) VALUES ('spaghetti-amatriciana', 'pasta', 'SPAGHETTI AMATRICIANA', 'สปาเกตตี้ อามาทริเซียน่า', 'Tomato Sauce, Guanciale, Olive Oil, Pecorino Romano, Parmesan Cheese', 'ซอสมะเขือเทศ, หมูแก้ม, น้ำมันมะกอก, ชีสเปโคริโน, ชีสพาร์เมซาน', 160.0, 'https://gjqevgkbjkharczhikcl.supabase.co/storage/v1/object/public/delivery_food/02-Pasta/Amatriciana/16-spaghetti-amatriciana.png', '02-Pasta/Amatriciana/16-spaghetti-amatriciana.png', '10152', 'None') ON CONFLICT (id) DO UPDATE SET category_id = EXCLUDED.category_id, name = EXCLUDED.name, name_th = EXCLUDED.name_th, description = EXCLUDED.description, description_th = EXCLUDED.description_th, price = EXCLUDED.price, image_url = EXCLUDED.image_url, image_file = EXCLUDED.image_file, sku = EXCLUDED.sku, allowed_extras_group = EXCLUDED.allowed_extras_group;
INSERT INTO pizza_items (id, category_id, name, name_th, description, description_th, price, image_url, image_file, sku, allowed_extras_group) VALUES ('penne-amatriciana', 'pasta', 'PENNE AMATRICIANA', 'เพนเน่ อามาทริเซียน่า', 'Tomato Sauce, Guanciale, Olive Oil, Pecorino Romano, Parmesan Cheese', 'ซอสมะเขือเทศ, หมูแก้ม, น้ำมันมะกอก, ชีสเปโคริโน, ชีสพาร์เมซาน', 160.0, 'https://gjqevgkbjkharczhikcl.supabase.co/storage/v1/object/public/delivery_food/02-Pasta/Amatriciana/17-penne-amatriciana.png', '02-Pasta/Amatriciana/17-penne-amatriciana.png', '10181', 'None') ON CONFLICT (id) DO UPDATE SET category_id = EXCLUDED.category_id, name = EXCLUDED.name, name_th = EXCLUDED.name_th, description = EXCLUDED.description, description_th = EXCLUDED.description_th, price = EXCLUDED.price, image_url = EXCLUDED.image_url, image_file = EXCLUDED.image_file, sku = EXCLUDED.sku, allowed_extras_group = EXCLUDED.allowed_extras_group;
INSERT INTO pizza_items (id, category_id, name, name_th, description, description_th, price, image_url, image_file, sku, allowed_extras_group) VALUES ('tagliatelle-amatriciana', 'pasta', 'TAGLIATELLE AMATRICIANA', 'ทาเกรียเทลล่า อามาทริเซียน่า', 'Tomato Sauce, Guanciale, Olive Oil, Pecorino Romano, Parmesan Cheese', 'ซอสมะเขือเทศ, หมูแก้ม, น้ำมันมะกอก, ชีสเปโคริโน, ชีสพาร์เมซาน', 180.0, 'https://gjqevgkbjkharczhikcl.supabase.co/storage/v1/object/public/delivery_food/02-Pasta/Amatriciana/18-tagliatelle-amatriciana.png', '02-Pasta/Amatriciana/18-tagliatelle-amatriciana.png', '10196', 'None') ON CONFLICT (id) DO UPDATE SET category_id = EXCLUDED.category_id, name = EXCLUDED.name, name_th = EXCLUDED.name_th, description = EXCLUDED.description, description_th = EXCLUDED.description_th, price = EXCLUDED.price, image_url = EXCLUDED.image_url, image_file = EXCLUDED.image_file, sku = EXCLUDED.sku, allowed_extras_group = EXCLUDED.allowed_extras_group;
INSERT INTO pizza_items (id, category_id, name, name_th, description, description_th, price, image_url, image_file, sku, allowed_extras_group) VALUES ('gnocchi-amatriciana', 'pasta', 'GNOCCHI AMATRICIANA', 'ญอคคี อามาทริเซียน่า', 'Tomato Sauce, Guanciale, Olive Oil, Pecorino Romano, Parmesan Cheese', 'ซอสมะเขือเทศ, หมูแก้ม, น้ำมันมะกอก, ชีสเปโคริโน, ชีสพาร์เมซาน', 200.0, 'https://gjqevgkbjkharczhikcl.supabase.co/storage/v1/object/public/delivery_food/02-Pasta/Amatriciana/19-gnocchi-amatriciana.png', '02-Pasta/Amatriciana/19-gnocchi-amatriciana.png', '10177', 'None') ON CONFLICT (id) DO UPDATE SET category_id = EXCLUDED.category_id, name = EXCLUDED.name, name_th = EXCLUDED.name_th, description = EXCLUDED.description, description_th = EXCLUDED.description_th, price = EXCLUDED.price, image_url = EXCLUDED.image_url, image_file = EXCLUDED.image_file, sku = EXCLUDED.sku, allowed_extras_group = EXCLUDED.allowed_extras_group;
INSERT INTO pizza_items (id, category_id, name, name_th, description, description_th, price, image_url, image_file, sku, allowed_extras_group) VALUES ('ravioli-amatriciana', 'pasta', 'RAVIOLI AMATRICIANA', 'ราวิโอลี อามาทริเซียน่า', 'Tomato Sauce, Guanciale, Olive Oil, Pecorino Romano, Parmesan Cheese', 'ซอสมะเขือเทศ, หมูแก้ม, น้ำมันมะกอก, ชีสเปโคริโน, ชีสพาร์เมซาน', 240.0, 'https://gjqevgkbjkharczhikcl.supabase.co/storage/v1/object/public/delivery_food/02-Pasta/Amatriciana/20-ravioli-amatriciana.png', '02-Pasta/Amatriciana/20-ravioli-amatriciana.png', '10053', 'None') ON CONFLICT (id) DO UPDATE SET category_id = EXCLUDED.category_id, name = EXCLUDED.name, name_th = EXCLUDED.name_th, description = EXCLUDED.description, description_th = EXCLUDED.description_th, price = EXCLUDED.price, image_url = EXCLUDED.image_url, image_file = EXCLUDED.image_file, sku = EXCLUDED.sku, allowed_extras_group = EXCLUDED.allowed_extras_group;
INSERT INTO pizza_items (id, category_id, name, name_th, description, description_th, price, image_url, image_file, sku, allowed_extras_group) VALUES ('spaghetti-alla-bolognese', 'pasta', 'SPAGHETTI ALLA BOLOGNESE', 'สปาเกตตี้ อัลลา โบโลเนเซ่', 'Tomato Sauce, Pork, Olive Oil, Parmesan Cheese, Spices', 'ซอสมะเขือเทศ, หมูสับ, น้ำมันมะกอก, ชีสพาร์เมซาน, เครื่องเทศ', 180.0, 'https://gjqevgkbjkharczhikcl.supabase.co/storage/v1/object/public/delivery_food/21-spaghetti-alla-bolognese.png', '21-spaghetti-alla-bolognese.png', '10160', 'None') ON CONFLICT (id) DO UPDATE SET category_id = EXCLUDED.category_id, name = EXCLUDED.name, name_th = EXCLUDED.name_th, description = EXCLUDED.description, description_th = EXCLUDED.description_th, price = EXCLUDED.price, image_url = EXCLUDED.image_url, image_file = EXCLUDED.image_file, sku = EXCLUDED.sku, allowed_extras_group = EXCLUDED.allowed_extras_group;
INSERT INTO pizza_items (id, category_id, name, name_th, description, description_th, price, image_url, image_file, sku, allowed_extras_group) VALUES ('penne-alla-bolognese', 'pasta', 'PENNE ALLA BOLOGNESE', 'เพนเน่ อัลลา โบโลเนเซ่', 'Tomato Sauce, Pork, Olive Oil, Parmesan Cheese, Spices', 'ซอสมะเขือเทศ, หมูสับ, น้ำมันมะกอก, ชีสพาร์เมซาน, เครื่องเทศ', 180.0, 'https://gjqevgkbjkharczhikcl.supabase.co/storage/v1/object/public/delivery_food/22-penne-alla-bolognese.png', '22-penne-alla-bolognese.png', '10155', 'None') ON CONFLICT (id) DO UPDATE SET category_id = EXCLUDED.category_id, name = EXCLUDED.name, name_th = EXCLUDED.name_th, description = EXCLUDED.description, description_th = EXCLUDED.description_th, price = EXCLUDED.price, image_url = EXCLUDED.image_url, image_file = EXCLUDED.image_file, sku = EXCLUDED.sku, allowed_extras_group = EXCLUDED.allowed_extras_group;
INSERT INTO pizza_items (id, category_id, name, name_th, description, description_th, price, image_url, image_file, sku, allowed_extras_group) VALUES ('tagliatelle-alla-bolognese', 'pasta', 'TAGLIATELLE ALLA BOLOGNESE', 'ทาเกรียเทลล่า อัลลา โบโลเนส', 'Tomato Sauce, Pork, Olive Oil, Parmesan Cheese, Spices', 'ซอสมะเขือเทศ, หมูสับ, น้ำมันมะกอก, ชีสพาร์เมซาน, เครื่องเทศ', 200.0, 'https://gjqevgkbjkharczhikcl.supabase.co/storage/v1/object/public/delivery_food/23-tagliatelle-alla-bolognese.png', '23-tagliatelle-alla-bolognese.png', '10197', 'None') ON CONFLICT (id) DO UPDATE SET category_id = EXCLUDED.category_id, name = EXCLUDED.name, name_th = EXCLUDED.name_th, description = EXCLUDED.description, description_th = EXCLUDED.description_th, price = EXCLUDED.price, image_url = EXCLUDED.image_url, image_file = EXCLUDED.image_file, sku = EXCLUDED.sku, allowed_extras_group = EXCLUDED.allowed_extras_group;
INSERT INTO pizza_items (id, category_id, name, name_th, description, description_th, price, image_url, image_file, sku, allowed_extras_group) VALUES ('gnocchi-alla-bolognese', 'pasta', 'GNOCCHI ALLA BOLOGNESE', 'ญอคคี อัลลา โบโลเนส', 'Tomato Sauce, Pork, Olive Oil, Parmesan Cheese, Spices', 'ซอสมะเขือเทศ, หมูสับ, น้ำมันมะกอก, ชีสพาร์เมซาน, เครื่องเทศ', 220.0, 'https://gjqevgkbjkharczhikcl.supabase.co/storage/v1/object/public/delivery_food/24-gnocchi-alla-bolognese.png', '24-gnocchi-alla-bolognese.png', '10178', 'None') ON CONFLICT (id) DO UPDATE SET category_id = EXCLUDED.category_id, name = EXCLUDED.name, name_th = EXCLUDED.name_th, description = EXCLUDED.description, description_th = EXCLUDED.description_th, price = EXCLUDED.price, image_url = EXCLUDED.image_url, image_file = EXCLUDED.image_file, sku = EXCLUDED.sku, allowed_extras_group = EXCLUDED.allowed_extras_group;
INSERT INTO pizza_items (id, category_id, name, name_th, description, description_th, price, image_url, image_file, sku, allowed_extras_group) VALUES ('ravioli-alla-bolognese', 'pasta', 'RAVIOLI ALLA BOLOGNESE', 'ราวิโอลี อัลลา โบโลเนส', 'Tomato Sauce, Pork, Olive Oil, Parmesan Cheese, Spices', 'ซอสมะเขือเทศ, หมูสับ, น้ำมันมะกอก, ชีสพาร์เมซาน, เครื่องเทศ', 260.0, 'https://gjqevgkbjkharczhikcl.supabase.co/storage/v1/object/public/delivery_food/25-ravioli-alla-bolognese.png', '25-ravioli-alla-bolognese.png', '10054', 'None') ON CONFLICT (id) DO UPDATE SET category_id = EXCLUDED.category_id, name = EXCLUDED.name, name_th = EXCLUDED.name_th, description = EXCLUDED.description, description_th = EXCLUDED.description_th, price = EXCLUDED.price, image_url = EXCLUDED.image_url, image_file = EXCLUDED.image_file, sku = EXCLUDED.sku, allowed_extras_group = EXCLUDED.allowed_extras_group;
INSERT INTO pizza_items (id, category_id, name, name_th, description, description_th, price, image_url, image_file, sku, allowed_extras_group) VALUES ('spaghetti-alla-carbonara', 'pasta', 'SPAGHETTI ALLA CARBONARA', 'สปาเกตตี้ อัลลา คาร์โบนารา', 'Egg, Guanciale, Olive Oil, Pecorino Romano, Parmesan Cheese', 'ไข่, หมูแก้ม, น้ำมันมะกอก, ชีสเปโคริโน, ชีสพาร์เมซาน', 180.0, 'https://gjqevgkbjkharczhikcl.supabase.co/storage/v1/object/public/delivery_food/02-Pasta/Carbonara/26-spaghetti-alla-carbonara.png', '02-Pasta/Carbonara/26-spaghetti-alla-carbonara.png', '10151', 'None') ON CONFLICT (id) DO UPDATE SET category_id = EXCLUDED.category_id, name = EXCLUDED.name, name_th = EXCLUDED.name_th, description = EXCLUDED.description, description_th = EXCLUDED.description_th, price = EXCLUDED.price, image_url = EXCLUDED.image_url, image_file = EXCLUDED.image_file, sku = EXCLUDED.sku, allowed_extras_group = EXCLUDED.allowed_extras_group;
INSERT INTO pizza_items (id, category_id, name, name_th, description, description_th, price, image_url, image_file, sku, allowed_extras_group) VALUES ('penne-alla-carbonara', 'pasta', 'PENNE ALLA CARBONARA', 'เพนเน่ อัลลา คาร์โบนารา', 'Egg, Guanciale, Olive Oil, Pecorino Romano, Parmesan Cheese', 'ไข่, หมูแก้ม, น้ำมันมะกอก, ชีสเปโคริโน, ชีสพาร์เมซาน', 180.0, 'https://gjqevgkbjkharczhikcl.supabase.co/storage/v1/object/public/delivery_food/02-Pasta/Carbonara/27-penne-alla-carbonara.png', '02-Pasta/Carbonara/27-penne-alla-carbonara.png', '10182', 'None') ON CONFLICT (id) DO UPDATE SET category_id = EXCLUDED.category_id, name = EXCLUDED.name, name_th = EXCLUDED.name_th, description = EXCLUDED.description, description_th = EXCLUDED.description_th, price = EXCLUDED.price, image_url = EXCLUDED.image_url, image_file = EXCLUDED.image_file, sku = EXCLUDED.sku, allowed_extras_group = EXCLUDED.allowed_extras_group;
INSERT INTO pizza_items (id, category_id, name, name_th, description, description_th, price, image_url, image_file, sku, allowed_extras_group) VALUES ('tagliatelle-alla-carbonara', 'pasta', 'TAGLIATELLE ALLA CARBONARA', 'ทาเกรียเทลล่า อัลลา คาร์โบนารา', 'Egg, Guanciale, Olive Oil, Pecorino Romano, Parmesan Cheese', 'ไข่, หมูแก้ม, น้ำมันมะกอก, ชีสเปโคริโน, ชีสพาร์เมซาน', 200.0, 'https://gjqevgkbjkharczhikcl.supabase.co/storage/v1/object/public/delivery_food/02-Pasta/Carbonara/28-tagliatelle-alla-carbonara.png', '02-Pasta/Carbonara/28-tagliatelle-alla-carbonara.png', '10195', 'None') ON CONFLICT (id) DO UPDATE SET category_id = EXCLUDED.category_id, name = EXCLUDED.name, name_th = EXCLUDED.name_th, description = EXCLUDED.description, description_th = EXCLUDED.description_th, price = EXCLUDED.price, image_url = EXCLUDED.image_url, image_file = EXCLUDED.image_file, sku = EXCLUDED.sku, allowed_extras_group = EXCLUDED.allowed_extras_group;
INSERT INTO pizza_items (id, category_id, name, name_th, description, description_th, price, image_url, image_file, sku, allowed_extras_group) VALUES ('gnocchi-alla-carbonara', 'pasta', 'GNOCCHI ALLA CARBONARA', 'ญอคคี อัลลา คาร์โบนารา', 'Egg, Guanciale, Olive Oil, Pecorino Romano, Parmesan Cheese', 'ไข่, หมูแก้ม, น้ำมันมะกอก, ชีสเปโคริโน, ชีสพาร์เมซาน', 220.0, 'https://gjqevgkbjkharczhikcl.supabase.co/storage/v1/object/public/delivery_food/02-Pasta/Carbonara/29-gnocchi-alla-carbonara.png', '02-Pasta/Carbonara/29-gnocchi-alla-carbonara.png', '10176', 'None') ON CONFLICT (id) DO UPDATE SET category_id = EXCLUDED.category_id, name = EXCLUDED.name, name_th = EXCLUDED.name_th, description = EXCLUDED.description, description_th = EXCLUDED.description_th, price = EXCLUDED.price, image_url = EXCLUDED.image_url, image_file = EXCLUDED.image_file, sku = EXCLUDED.sku, allowed_extras_group = EXCLUDED.allowed_extras_group;
INSERT INTO pizza_items (id, category_id, name, name_th, description, description_th, price, image_url, image_file, sku, allowed_extras_group) VALUES ('ravioli-alla-carbonara', 'pasta', 'RAVIOLI ALLA CARBONARA', 'ราวิโอลี อัลลา คาร์โบนารา', 'Egg, Guanciale, Olive Oil, Pecorino Romano, Parmesan Cheese', 'ไข่, หมูแก้ม, น้ำมันมะกอก, ชีสเปโคริโน, ชีสพาร์เมซาน', 260.0, 'https://gjqevgkbjkharczhikcl.supabase.co/storage/v1/object/public/delivery_food/02-Pasta/Carbonara/30-ravioli-alla-carbonara.png', '02-Pasta/Carbonara/30-ravioli-alla-carbonara.png', '10055', 'None') ON CONFLICT (id) DO UPDATE SET category_id = EXCLUDED.category_id, name = EXCLUDED.name, name_th = EXCLUDED.name_th, description = EXCLUDED.description, description_th = EXCLUDED.description_th, price = EXCLUDED.price, image_url = EXCLUDED.image_url, image_file = EXCLUDED.image_file, sku = EXCLUDED.sku, allowed_extras_group = EXCLUDED.allowed_extras_group;
INSERT INTO pizza_items (id, category_id, name, name_th, description, description_th, price, image_url, image_file, sku, allowed_extras_group) VALUES ('spaghetti-4-formaggi', 'pasta', 'SPAGHETTI 4 FORMAGGI', 'สปาเก็ตตี้ 4 ชีส', 'Gorgonzola Cheese, Parmisan, Mozzarella, Kitchen Cream', 'กอร์กอนโซลา, พาร์มีจาโน, มอซซาเรลลา, ครีมทำอาหาร', 200.0, 'https://gjqevgkbjkharczhikcl.supabase.co/storage/v1/object/public/delivery_food/02-Pasta/Four Cheeses/31-spaghetti-4-formaggi.png', '02-Pasta/Four Cheeses/31-spaghetti-4-formaggi.png', '10188', 'None') ON CONFLICT (id) DO UPDATE SET category_id = EXCLUDED.category_id, name = EXCLUDED.name, name_th = EXCLUDED.name_th, description = EXCLUDED.description, description_th = EXCLUDED.description_th, price = EXCLUDED.price, image_url = EXCLUDED.image_url, image_file = EXCLUDED.image_file, sku = EXCLUDED.sku, allowed_extras_group = EXCLUDED.allowed_extras_group;
INSERT INTO pizza_items (id, category_id, name, name_th, description, description_th, price, image_url, image_file, sku, allowed_extras_group) VALUES ('penne-4-formaggi', 'pasta', 'PENNE 4 FORMAGGI', 'เพนเน่ 4 ชีส', 'Gorgonzola Cheese, Parmisan, Mozzarella, Kitchen Cream', 'กอร์กอนโซลา, พาร์มีจาโน, มอซซาเรลลา, ครีมทำอาหาร', 200.0, 'https://gjqevgkbjkharczhikcl.supabase.co/storage/v1/object/public/delivery_food/02-Pasta/Four Cheeses/32-penne-4-formaggi.png', '02-Pasta/Four Cheeses/32-penne-4-formaggi.png', '10187', 'None') ON CONFLICT (id) DO UPDATE SET category_id = EXCLUDED.category_id, name = EXCLUDED.name, name_th = EXCLUDED.name_th, description = EXCLUDED.description, description_th = EXCLUDED.description_th, price = EXCLUDED.price, image_url = EXCLUDED.image_url, image_file = EXCLUDED.image_file, sku = EXCLUDED.sku, allowed_extras_group = EXCLUDED.allowed_extras_group;
INSERT INTO pizza_items (id, category_id, name, name_th, description, description_th, price, image_url, image_file, sku, allowed_extras_group) VALUES ('tagliatelle-4-formaggi', 'pasta', 'TAGLIATELLE 4 FORMAGGI', 'ทาเกรียเทลล่า 4 ชีส', 'Gorgonzola Cheese, Parmisan, Mozzarella, Kitchen Cream', 'กอร์กอนโซลา, พาร์มีจาโน, มอซซาเรลลา, ครีมทำอาหาร', 220.0, 'https://gjqevgkbjkharczhikcl.supabase.co/storage/v1/object/public/delivery_food/02-Pasta/Four Cheeses/33-tagliatelle-4-formaggi.png', '02-Pasta/Four Cheeses/33-tagliatelle-4-formaggi.png', '10199', 'None') ON CONFLICT (id) DO UPDATE SET category_id = EXCLUDED.category_id, name = EXCLUDED.name, name_th = EXCLUDED.name_th, description = EXCLUDED.description, description_th = EXCLUDED.description_th, price = EXCLUDED.price, image_url = EXCLUDED.image_url, image_file = EXCLUDED.image_file, sku = EXCLUDED.sku, allowed_extras_group = EXCLUDED.allowed_extras_group;
INSERT INTO pizza_items (id, category_id, name, name_th, description, description_th, price, image_url, image_file, sku, allowed_extras_group) VALUES ('gnocchi-4-formaggi', 'pasta', 'GNOCCHI 4 FORMAGGI', 'ญอคคี 4 ชีส', 'Gorgonzola Cheese, Parmisan, Mozzarella, Kitchen Cream', 'กอร์กอนโซลา, พาร์มีจาโน, มอซซาเรลลา, ครีมทำอาหาร', 240.0, 'https://gjqevgkbjkharczhikcl.supabase.co/storage/v1/object/public/delivery_food/02-Pasta/Four Cheeses/34-gnocchi-4-formaggi.png', '02-Pasta/Four Cheeses/34-gnocchi-4-formaggi.png', '10186', 'None') ON CONFLICT (id) DO UPDATE SET category_id = EXCLUDED.category_id, name = EXCLUDED.name, name_th = EXCLUDED.name_th, description = EXCLUDED.description, description_th = EXCLUDED.description_th, price = EXCLUDED.price, image_url = EXCLUDED.image_url, image_file = EXCLUDED.image_file, sku = EXCLUDED.sku, allowed_extras_group = EXCLUDED.allowed_extras_group;
INSERT INTO pizza_items (id, category_id, name, name_th, description, description_th, price, image_url, image_file, sku, allowed_extras_group) VALUES ('ravioli-4-formaggi', 'pasta', 'RAVIOLI 4 FORMAGGI', 'ราวิโอลี 4 ชีส', 'Gorgonzola Cheese, Parmisan, Mozzarella, Kitchen Cream', 'กอร์กอนโซลา, พาร์มีจาโน, มอซซาเรลลา, ครีมทำอาหาร', 280.0, 'https://gjqevgkbjkharczhikcl.supabase.co/storage/v1/object/public/delivery_food/02-Pasta/Four Cheeses/35-ravioli-4-formaggi.png', '02-Pasta/Four Cheeses/35-ravioli-4-formaggi.png', '10056', 'None') ON CONFLICT (id) DO UPDATE SET category_id = EXCLUDED.category_id, name = EXCLUDED.name, name_th = EXCLUDED.name_th, description = EXCLUDED.description, description_th = EXCLUDED.description_th, price = EXCLUDED.price, image_url = EXCLUDED.image_url, image_file = EXCLUDED.image_file, sku = EXCLUDED.sku, allowed_extras_group = EXCLUDED.allowed_extras_group;
INSERT INTO pizza_items (id, category_id, name, name_th, description, description_th, price, image_url, image_file, sku, allowed_extras_group) VALUES ('spaghetti-flower-power', 'pasta', 'SPAGHETTI FLOWER POWER', 'สปาเกตตี้ ฟลาวเวอร์ พาวเวอร์', 'Italian Sausage, Artichokes, Gorgonzola Cheese, Black Pepper', 'ไส้กรอกอิตาเลียน, อาติโช๊ค, กอร์กอนโซล่าชีส, พริกไทยดำ', 230.0, 'https://gjqevgkbjkharczhikcl.supabase.co/storage/v1/object/public/delivery_food/02-Pasta/Flower Power/36-spaghetti-flower-power.png', '02-Pasta/Flower Power/36-spaghetti-flower-power.png', '10159', 'None') ON CONFLICT (id) DO UPDATE SET category_id = EXCLUDED.category_id, name = EXCLUDED.name, name_th = EXCLUDED.name_th, description = EXCLUDED.description, description_th = EXCLUDED.description_th, price = EXCLUDED.price, image_url = EXCLUDED.image_url, image_file = EXCLUDED.image_file, sku = EXCLUDED.sku, allowed_extras_group = EXCLUDED.allowed_extras_group;
INSERT INTO pizza_items (id, category_id, name, name_th, description, description_th, price, image_url, image_file, sku, allowed_extras_group) VALUES ('penne-flower-power', 'pasta', 'PENNE FLOWER POWER', 'เพนเน่ ฟลาวเวอร์ พาวเวอร์', 'Italian Sausage, Artichokes, Gorgonzola Cheese, Black Pepper', 'ไส้กรอกอิตาเลียน, อาติโช๊ค, กอร์กอนโซล่าชีส, พริกไทยดำ', 230.0, 'https://gjqevgkbjkharczhikcl.supabase.co/storage/v1/object/public/delivery_food/02-Pasta/Flower Power/37-penne-flower-power.png', '02-Pasta/Flower Power/37-penne-flower-power.png', '10183', 'None') ON CONFLICT (id) DO UPDATE SET category_id = EXCLUDED.category_id, name = EXCLUDED.name, name_th = EXCLUDED.name_th, description = EXCLUDED.description, description_th = EXCLUDED.description_th, price = EXCLUDED.price, image_url = EXCLUDED.image_url, image_file = EXCLUDED.image_file, sku = EXCLUDED.sku, allowed_extras_group = EXCLUDED.allowed_extras_group;
INSERT INTO pizza_items (id, category_id, name, name_th, description, description_th, price, image_url, image_file, sku, allowed_extras_group) VALUES ('tagliatelle-flower-power', 'pasta', 'TAGLIATELLE FLOWER POWER', 'ทาเกรียเทลล่า ฟลาวเวอร์ พาวเวอร์', 'Italian Sausage, Artichokes, Gorgonzola Cheese, Black Pepper', 'ไส้กรอกอิตาเลียน, อาติโช๊ค, กอร์กอนโซล่าชีส, พริกไทยดำ', 250.0, 'https://gjqevgkbjkharczhikcl.supabase.co/storage/v1/object/public/delivery_food/02-Pasta/Flower Power/38-tagliatelle-flower-power.png', '02-Pasta/Flower Power/38-tagliatelle-flower-power.png', '10192', 'None') ON CONFLICT (id) DO UPDATE SET category_id = EXCLUDED.category_id, name = EXCLUDED.name, name_th = EXCLUDED.name_th, description = EXCLUDED.description, description_th = EXCLUDED.description_th, price = EXCLUDED.price, image_url = EXCLUDED.image_url, image_file = EXCLUDED.image_file, sku = EXCLUDED.sku, allowed_extras_group = EXCLUDED.allowed_extras_group;
INSERT INTO pizza_items (id, category_id, name, name_th, description, description_th, price, image_url, image_file, sku, allowed_extras_group) VALUES ('gnocchi-flower-power', 'pasta', 'GNOCCHI FLOWER POWER', 'ญอคคี ฟลาวเวอร์ พาวเวอร์', 'Italian Sausage, Artichokes, Gorgonzola Cheese, Black Pepper', 'ไส้กรอกอิตาเลียน, อาติโช๊ค, กอร์กอนโซล่าชีส, พริกไทยดำ', 270.0, 'https://gjqevgkbjkharczhikcl.supabase.co/storage/v1/object/public/delivery_food/02-Pasta/Flower Power/39-gnocchi-flower-power.png', '02-Pasta/Flower Power/39-gnocchi-flower-power.png', '10174', 'None') ON CONFLICT (id) DO UPDATE SET category_id = EXCLUDED.category_id, name = EXCLUDED.name, name_th = EXCLUDED.name_th, description = EXCLUDED.description, description_th = EXCLUDED.description_th, price = EXCLUDED.price, image_url = EXCLUDED.image_url, image_file = EXCLUDED.image_file, sku = EXCLUDED.sku, allowed_extras_group = EXCLUDED.allowed_extras_group;
INSERT INTO pizza_items (id, category_id, name, name_th, description, description_th, price, image_url, image_file, sku, allowed_extras_group) VALUES ('ravioli-flower-power', 'pasta', 'RAVIOLI FLOWER POWER', 'ราวิโอลี ฟลาวเวอร์ พาวเวอร์', 'Italian Sausage, Artichokes, Gorgonzola Cheese, Black Pepper', 'ไส้กรอกอิตาเลียน, อาติโช๊ค, กอร์กอนโซล่าชีส, พริกไทยดำ', 310.0, 'https://gjqevgkbjkharczhikcl.supabase.co/storage/v1/object/public/delivery_food/02-Pasta/Flower Power/40-ravioli-flower-power.png', '02-Pasta/Flower Power/40-ravioli-flower-power.png', '10057', 'None') ON CONFLICT (id) DO UPDATE SET category_id = EXCLUDED.category_id, name = EXCLUDED.name, name_th = EXCLUDED.name_th, description = EXCLUDED.description, description_th = EXCLUDED.description_th, price = EXCLUDED.price, image_url = EXCLUDED.image_url, image_file = EXCLUDED.image_file, sku = EXCLUDED.sku, allowed_extras_group = EXCLUDED.allowed_extras_group;
INSERT INTO pizza_items (id, category_id, name, name_th, description, description_th, price, image_url, image_file, sku, allowed_extras_group) VALUES ('baked-bolognese-lasagna', 'pasta', 'BAKED BOLOGNESE LASAGNA', 'ลาซานญ่าอบซอสโบโลเนส', 'Béchamel, Bolognese Sauce, Parmesan', 'เบชาเมล, ซอสโบโลเนส, พาร์เมซาน', 250.0, 'https://gjqevgkbjkharczhikcl.supabase.co/storage/v1/object/public/delivery_food/03-Lasagne/01-baked-bolognese-lasagna.png', '03-Lasagne/01-baked-bolognese-lasagna.png', '10038', 'None') ON CONFLICT (id) DO UPDATE SET category_id = EXCLUDED.category_id, name = EXCLUDED.name, name_th = EXCLUDED.name_th, description = EXCLUDED.description, description_th = EXCLUDED.description_th, price = EXCLUDED.price, image_url = EXCLUDED.image_url, image_file = EXCLUDED.image_file, sku = EXCLUDED.sku, allowed_extras_group = EXCLUDED.allowed_extras_group;
INSERT INTO pizza_items (id, category_id, name, name_th, description, description_th, price, image_url, image_file, sku, allowed_extras_group) VALUES ('baked-pesto-lasagna', 'pasta', 'BAKED PESTO LASAGNA', 'ลาซานญ่าอบเพสโต้', 'Béchamel, Pesto Sauce, Parmesan', 'เบชาเมล, ซอสเพสโต้, พาร์เมซาน', 270.0, 'https://gjqevgkbjkharczhikcl.supabase.co/storage/v1/object/public/delivery_food/03-Lasagne/02-baked-pesto-lasagna.png', '03-Lasagne/02-baked-pesto-lasagna.png', '10302', 'None') ON CONFLICT (id) DO UPDATE SET category_id = EXCLUDED.category_id, name = EXCLUDED.name, name_th = EXCLUDED.name_th, description = EXCLUDED.description, description_th = EXCLUDED.description_th, price = EXCLUDED.price, image_url = EXCLUDED.image_url, image_file = EXCLUDED.image_file, sku = EXCLUDED.sku, allowed_extras_group = EXCLUDED.allowed_extras_group;
INSERT INTO pizza_items (id, category_id, name, name_th, description, description_th, price, image_url, image_file, sku, allowed_extras_group) VALUES ('baked-seafood-lasagna', 'pasta', 'BAKED SEAFOOD LASAGNA', 'ลาซานญ่าอบซีฟู้ด', 'Béchamel, Seafood, Parmesan', 'เบชาเมล, ซีฟู้ด, พาร์เมซาน', 290.0, 'https://gjqevgkbjkharczhikcl.supabase.co/storage/v1/object/public/delivery_food/03-Lasagne/03-baked-seafood-lasagna.png', '03-Lasagne/03-baked-seafood-lasagna.png', '10303', 'None') ON CONFLICT (id) DO UPDATE SET category_id = EXCLUDED.category_id, name = EXCLUDED.name, name_th = EXCLUDED.name_th, description = EXCLUDED.description, description_th = EXCLUDED.description_th, price = EXCLUDED.price, image_url = EXCLUDED.image_url, image_file = EXCLUDED.image_file, sku = EXCLUDED.sku, allowed_extras_group = EXCLUDED.allowed_extras_group;
INSERT INTO pizza_categories (id, name, name_th, icon) VALUES ('italian-salads', 'Italian Salads', 'สลัดอิตาเลียน', '🥗') ON CONFLICT (id) DO UPDATE SET name = EXCLUDED.name, name_th = EXCLUDED.name_th, icon = EXCLUDED.icon;
INSERT INTO pizza_items (id, category_id, name, name_th, description, description_th, price, image_url, image_file, sku, allowed_extras_group) VALUES ('egg-and-vegetable-salad', 'italian-salads', 'EGG AND VEGETABLE SALAD', 'สลัดไข่และผัก', '2 Boiled Eggs, Cabbage, Cucumber, Tomato, Onions, Mayonnaise, Yogurt Dressing', 'ไข่ต้มสุก 2 ฟอง, กะหล่ำปลี, แตงกวา, มะเขือเทศ, หัวหอม, มายองเนส, น้ำสลัดโยเกิร์ต', 130.0, 'https://gjqevgkbjkharczhikcl.supabase.co/storage/v1/object/public/delivery_food/04-Italian-Salads/01-egg-and-vegetable-salad.png', '04-Italian-Salads/01-egg-and-vegetable-salad.png', '10206', 'Salad Extras') ON CONFLICT (id) DO UPDATE SET category_id = EXCLUDED.category_id, name = EXCLUDED.name, name_th = EXCLUDED.name_th, description = EXCLUDED.description, description_th = EXCLUDED.description_th, price = EXCLUDED.price, image_url = EXCLUDED.image_url, image_file = EXCLUDED.image_file, sku = EXCLUDED.sku, allowed_extras_group = EXCLUDED.allowed_extras_group;
INSERT INTO pizza_items (id, category_id, name, name_th, description, description_th, price, image_url, image_file, sku, allowed_extras_group) VALUES ('potato-salad', 'italian-salads', 'POTATO SALAD', 'สลัดมันฝรั่ง', 'Tuna, Boiled Potatoes, 1 Boiled Egg, Cabbage, Tomato, Onions, Yogurt Dressing', 'ทูน่า, มันฝรั่งต้ม, ไข่ต้ม 1 ฟอง, กะหล่ำปลี, มะเขือเทศ, หัวหอม, น้ำสลัดโยเกิร์ต', 160.0, 'https://gjqevgkbjkharczhikcl.supabase.co/storage/v1/object/public/delivery_food/04-Italian-Salads/02-potato-salad.png', '04-Italian-Salads/02-potato-salad.png', '10207', 'Salad Extras') ON CONFLICT (id) DO UPDATE SET category_id = EXCLUDED.category_id, name = EXCLUDED.name, name_th = EXCLUDED.name_th, description = EXCLUDED.description, description_th = EXCLUDED.description_th, price = EXCLUDED.price, image_url = EXCLUDED.image_url, image_file = EXCLUDED.image_file, sku = EXCLUDED.sku, allowed_extras_group = EXCLUDED.allowed_extras_group;
INSERT INTO pizza_items (id, category_id, name, name_th, description, description_th, price, image_url, image_file, sku, allowed_extras_group) VALUES ('chicken-salad', 'italian-salads', 'CHICKEN SALAD', 'สลัดไก่', 'Boiled Chicken, Tomato, Cabbage, Carrots, Cucumber, Mustard, Yogurt Dressing', 'ไก่ต้ม, มะเขือเทศ, กะหล่ำปลี, แครอท, แตงกวา, มัสตาร์ด, เสิร์ฟพร้อมน้ำสลัดโยเกิร์ต', 190.0, 'https://gjqevgkbjkharczhikcl.supabase.co/storage/v1/object/public/delivery_food/04-Italian-Salads/03-chicken-salad.png', '04-Italian-Salads/03-chicken-salad.png', '10205', 'Salad Extras') ON CONFLICT (id) DO UPDATE SET category_id = EXCLUDED.category_id, name = EXCLUDED.name, name_th = EXCLUDED.name_th, description = EXCLUDED.description, description_th = EXCLUDED.description_th, price = EXCLUDED.price, image_url = EXCLUDED.image_url, image_file = EXCLUDED.image_file, sku = EXCLUDED.sku, allowed_extras_group = EXCLUDED.allowed_extras_group;
INSERT INTO pizza_items (id, category_id, name, name_th, description, description_th, price, image_url, image_file, sku, allowed_extras_group) VALUES ('tuna-and-egg-salad', 'italian-salads', 'TUNA AND EGG SALAD', 'สลัดทูน่าและไข่', 'Tuna, 2 Boiled Eggs, Cabbage, Tomato, Cucumber, Onion, Yogurt Dressing', 'ทูน่า, ไข่ต้ม 2 ฟอง, กะหล่ำปลี, มะเขือเทศ, แตงกวา, หัวหอม, โยเกิร์ต, น้ำสลัด', 190.0, 'https://gjqevgkbjkharczhikcl.supabase.co/storage/v1/object/public/delivery_food/04-Italian-Salads/04-tuna-and-egg-salad.png', '04-Italian-Salads/04-tuna-and-egg-salad.png', '10208', 'Salad Extras') ON CONFLICT (id) DO UPDATE SET category_id = EXCLUDED.category_id, name = EXCLUDED.name, name_th = EXCLUDED.name_th, description = EXCLUDED.description, description_th = EXCLUDED.description_th, price = EXCLUDED.price, image_url = EXCLUDED.image_url, image_file = EXCLUDED.image_file, sku = EXCLUDED.sku, allowed_extras_group = EXCLUDED.allowed_extras_group;
INSERT INTO pizza_categories (id, name, name_th, icon) VALUES ('pizza-sandwich', 'Pizza Sandwich', 'พิตซ่าแซนด์วิช', '🥪') ON CONFLICT (id) DO UPDATE SET name = EXCLUDED.name, name_th = EXCLUDED.name_th, icon = EXCLUDED.icon;
INSERT INTO pizza_items (id, category_id, name, name_th, description, description_th, price, image_url, image_file, sku, allowed_extras_group) VALUES ('pizza-sandwich-parma-ham', 'pizza-sandwich', 'PIZZA SANDWICH PARMA HAM', 'พิซซ่าแซนด์วิช พาร์ม่าแฮม', 'Parma Cooked Ham, Mozzarella Cheese, Lettuce, Fresh Tomato, Sauces', 'แฮมอบสไตล์พาร์ม่า, มอซซาเรลล่าชีส, ผักกาดหอม, มะเขือเทศสด, ซอสตามที่เลือก', 180.0, 'https://gjqevgkbjkharczhikcl.supabase.co/storage/v1/object/public/delivery_food/05-Pizza-Sandwiches/01-pizza-sandwich-parma-ham.png', '05-Pizza-Sandwiches/01-pizza-sandwich-parma-ham.png', '10045', 'None') ON CONFLICT (id) DO UPDATE SET category_id = EXCLUDED.category_id, name = EXCLUDED.name, name_th = EXCLUDED.name_th, description = EXCLUDED.description, description_th = EXCLUDED.description_th, price = EXCLUDED.price, image_url = EXCLUDED.image_url, image_file = EXCLUDED.image_file, sku = EXCLUDED.sku, allowed_extras_group = EXCLUDED.allowed_extras_group;
INSERT INTO pizza_items (id, category_id, name, name_th, description, description_th, price, image_url, image_file, sku, allowed_extras_group) VALUES ('pizza-sandwich-salame', 'pizza-sandwich', 'PIZZA SANDWICH SALAME', 'พิซซ่าแซนด์วิช ซาลามี่', 'Salami, Mozzarella Cheese, Lettuce, Fresh Tomato, Sauces', 'ซาลามี่, มอซซาเรลล่าชีส, ผักกาดหอม, มะเขือเทศสด, ซอสตามที่เลือก', 180.0, 'https://gjqevgkbjkharczhikcl.supabase.co/storage/v1/object/public/delivery_food/05-Pizza-Sandwiches/02-pizza-sandwich-salame.png', '05-Pizza-Sandwiches/02-pizza-sandwich-salame.png', '10046', 'None') ON CONFLICT (id) DO UPDATE SET category_id = EXCLUDED.category_id, name = EXCLUDED.name, name_th = EXCLUDED.name_th, description = EXCLUDED.description, description_th = EXCLUDED.description_th, price = EXCLUDED.price, image_url = EXCLUDED.image_url, image_file = EXCLUDED.image_file, sku = EXCLUDED.sku, allowed_extras_group = EXCLUDED.allowed_extras_group;
INSERT INTO pizza_items (id, category_id, name, name_th, description, description_th, price, image_url, image_file, sku, allowed_extras_group) VALUES ('pizza-sandwich-spicy-salame', 'pizza-sandwich', 'PIZZA SANDWICH SPICY SALAME', 'พิซซ่าแซนด์วิช ซาลามี่เผ็ด', 'Spicy Salami, Mozzarella Cheese, Lettuce, Fresh Tomato, Sauces', 'ซาลามี่เผ็ด, มอซซาเรลล่าชีส, ผักกาดหอม, มะเขือเทศสด, ซอสตามที่เลือก', 200.0, 'https://gjqevgkbjkharczhikcl.supabase.co/storage/v1/object/public/delivery_food/05-Pizza-Sandwiches/03-pizza-sandwich-spicy-salame.png', '05-Pizza-Sandwiches/03-pizza-sandwich-spicy-salame.png', '10047', 'None') ON CONFLICT (id) DO UPDATE SET category_id = EXCLUDED.category_id, name = EXCLUDED.name, name_th = EXCLUDED.name_th, description = EXCLUDED.description, description_th = EXCLUDED.description_th, price = EXCLUDED.price, image_url = EXCLUDED.image_url, image_file = EXCLUDED.image_file, sku = EXCLUDED.sku, allowed_extras_group = EXCLUDED.allowed_extras_group;
INSERT INTO pizza_categories (id, name, name_th, icon) VALUES ('pizza-burgers', 'Pizza Burgers', 'พิซซ่าเบอร์เกอร์', '🍔') ON CONFLICT (id) DO UPDATE SET name = EXCLUDED.name, name_th = EXCLUDED.name_th, icon = EXCLUDED.icon;
INSERT INTO pizza_items (id, category_id, name, name_th, description, description_th, price, image_url, image_file, sku, allowed_extras_group) VALUES ('chicken-pizza-burger-with-french-fries', 'pizza-burgers', 'CHICKEN PIZZA BURGER WITH FRENCH FRIES', 'พิซซ่าเบอร์เกอร์ไก่พร้อมมันฝรั่งทอด', '', '', 180.0, 'https://gjqevgkbjkharczhikcl.supabase.co/storage/v1/object/public/delivery_food/06-Pizza-Burgers/01-chicken-pizza-burger-with-french-fries.png', '06-Pizza-Burgers/01-chicken-pizza-burger-with-french-fries.png', '10168', 'None') ON CONFLICT (id) DO UPDATE SET category_id = EXCLUDED.category_id, name = EXCLUDED.name, name_th = EXCLUDED.name_th, description = EXCLUDED.description, description_th = EXCLUDED.description_th, price = EXCLUDED.price, image_url = EXCLUDED.image_url, image_file = EXCLUDED.image_file, sku = EXCLUDED.sku, allowed_extras_group = EXCLUDED.allowed_extras_group;
INSERT INTO pizza_items (id, category_id, name, name_th, description, description_th, price, image_url, image_file, sku, allowed_extras_group) VALUES ('pork-pizza-burger-with-french-fries', 'pizza-burgers', 'PORK PIZZA BURGER WITH FRENCH FRIES', 'พิซซ่าเบอร์เกอร์หมูพร้อมมันฝรั่งทอด', '', '', 180.0, 'https://gjqevgkbjkharczhikcl.supabase.co/storage/v1/object/public/delivery_food/06-Pizza-Burgers/02-pork-pizza-burger-with-french-fries.png', '06-Pizza-Burgers/02-pork-pizza-burger-with-french-fries.png', '10168', 'None') ON CONFLICT (id) DO UPDATE SET category_id = EXCLUDED.category_id, name = EXCLUDED.name, name_th = EXCLUDED.name_th, description = EXCLUDED.description, description_th = EXCLUDED.description_th, price = EXCLUDED.price, image_url = EXCLUDED.image_url, image_file = EXCLUDED.image_file, sku = EXCLUDED.sku, allowed_extras_group = EXCLUDED.allowed_extras_group;
INSERT INTO pizza_items (id, category_id, name, name_th, description, description_th, price, image_url, image_file, sku, allowed_extras_group) VALUES ('beef-pizza-burger-with-french-fries', 'pizza-burgers', 'BEEF PIZZA BURGER WITH FRENCH FRIES', 'พิซซ่าเบอร์เกอร์เนื้อวัวพร้อมมันฝรั่งทอด', '', '', 220.0, 'https://gjqevgkbjkharczhikcl.supabase.co/storage/v1/object/public/delivery_food/06-Pizza-Burgers/03-beef-pizza-burger-with-french-fries.png', '06-Pizza-Burgers/03-beef-pizza-burger-with-french-fries.png', '10167', 'None') ON CONFLICT (id) DO UPDATE SET category_id = EXCLUDED.category_id, name = EXCLUDED.name, name_th = EXCLUDED.name_th, description = EXCLUDED.description, description_th = EXCLUDED.description_th, price = EXCLUDED.price, image_url = EXCLUDED.image_url, image_file = EXCLUDED.image_file, sku = EXCLUDED.sku, allowed_extras_group = EXCLUDED.allowed_extras_group;
INSERT INTO pizza_items (id, category_id, name, name_th, description, description_th, price, image_url, image_file, sku, allowed_extras_group) VALUES ('fish-pizza-burger-with-french-fries', 'pizza-burgers', 'FISH PIZZA BURGER WITH FRENCH FRIES', 'พิซซ่าเบอร์เกอร์ปลา พร้อมมันฝรั่งทอด', '', '', 210.0, 'https://gjqevgkbjkharczhikcl.supabase.co/storage/v1/object/public/delivery_food/06-Pizza-Burgers/04-fish-pizza-burger-with-french-fries.png', '06-Pizza-Burgers/04-fish-pizza-burger-with-french-fries.png', '10304', 'None') ON CONFLICT (id) DO UPDATE SET category_id = EXCLUDED.category_id, name = EXCLUDED.name, name_th = EXCLUDED.name_th, description = EXCLUDED.description, description_th = EXCLUDED.description_th, price = EXCLUDED.price, image_url = EXCLUDED.image_url, image_file = EXCLUDED.image_file, sku = EXCLUDED.sku, allowed_extras_group = EXCLUDED.allowed_extras_group;
INSERT INTO pizza_items (id, category_id, name, name_th, description, description_th, price, image_url, image_file, sku, allowed_extras_group) VALUES ('cheese-pizza-burger-with-french-fries', 'pizza-burgers', 'CHEESE PIZZA BURGER WITH FRENCH FRIES', 'พิซซ่าเบอร์เกอร์ชีสพร้อมมันฝรั่งทอด', '', '', 210.0, 'https://gjqevgkbjkharczhikcl.supabase.co/storage/v1/object/public/delivery_food/06-Pizza-Burgers/05-cheese-pizza-burger-with-french-fries.png', '06-Pizza-Burgers/05-cheese-pizza-burger-with-french-fries.png', '10049', 'None') ON CONFLICT (id) DO UPDATE SET category_id = EXCLUDED.category_id, name = EXCLUDED.name, name_th = EXCLUDED.name_th, description = EXCLUDED.description, description_th = EXCLUDED.description_th, price = EXCLUDED.price, image_url = EXCLUDED.image_url, image_file = EXCLUDED.image_file, sku = EXCLUDED.sku, allowed_extras_group = EXCLUDED.allowed_extras_group;
INSERT INTO pizza_categories (id, name, name_th, icon) VALUES ('french-fries', 'French Fries', 'มันฝรั่งทอด', '🍟') ON CONFLICT (id) DO UPDATE SET name = EXCLUDED.name, name_th = EXCLUDED.name_th, icon = EXCLUDED.icon;
INSERT INTO pizza_items (id, category_id, name, name_th, description, description_th, price, image_url, image_file, sku, allowed_extras_group) VALUES ('french-fries', 'french-fries', 'FRENCH FRIES', 'มันฝรั่งทอด', '', '', 90.0, 'https://gjqevgkbjkharczhikcl.supabase.co/storage/v1/object/public/delivery_food/07-French-Fries/01-french-fries.png', '07-French-Fries/01-french-fries.png', '10154', 'None') ON CONFLICT (id) DO UPDATE SET category_id = EXCLUDED.category_id, name = EXCLUDED.name, name_th = EXCLUDED.name_th, description = EXCLUDED.description, description_th = EXCLUDED.description_th, price = EXCLUDED.price, image_url = EXCLUDED.image_url, image_file = EXCLUDED.image_file, sku = EXCLUDED.sku, allowed_extras_group = EXCLUDED.allowed_extras_group;
INSERT INTO pizza_items (id, category_id, name, name_th, description, description_th, price, image_url, image_file, sku, allowed_extras_group) VALUES ('sausages-and-french-fries', 'french-fries', 'SAUSAGES & FRENCH FRIES', 'ไส้กรอก & มันฝรั่งทอด', '', '', 160.0, 'https://gjqevgkbjkharczhikcl.supabase.co/storage/v1/object/public/delivery_food/07-French-Fries/02-sausages-and-french-fries.png', '07-French-Fries/02-sausages-and-french-fries.png', '10042', 'None') ON CONFLICT (id) DO UPDATE SET category_id = EXCLUDED.category_id, name = EXCLUDED.name, name_th = EXCLUDED.name_th, description = EXCLUDED.description, description_th = EXCLUDED.description_th, price = EXCLUDED.price, image_url = EXCLUDED.image_url, image_file = EXCLUDED.image_file, sku = EXCLUDED.sku, allowed_extras_group = EXCLUDED.allowed_extras_group;
INSERT INTO pizza_items (id, category_id, name, name_th, description, description_th, price, image_url, image_file, sku, allowed_extras_group) VALUES ('onion-rings-and-french-fries', 'french-fries', 'ONION RINGS & FRENCH FRIES', 'หอมทอดกรอบ & มันฝรั่งทอด', '', '', 190.0, 'https://gjqevgkbjkharczhikcl.supabase.co/storage/v1/object/public/delivery_food/07-French-Fries/03-onion-rings-and-french-fries.png', '07-French-Fries/03-onion-rings-and-french-fries.png', '10034', 'None') ON CONFLICT (id) DO UPDATE SET category_id = EXCLUDED.category_id, name = EXCLUDED.name, name_th = EXCLUDED.name_th, description = EXCLUDED.description, description_th = EXCLUDED.description_th, price = EXCLUDED.price, image_url = EXCLUDED.image_url, image_file = EXCLUDED.image_file, sku = EXCLUDED.sku, allowed_extras_group = EXCLUDED.allowed_extras_group;
INSERT INTO pizza_items (id, category_id, name, name_th, description, description_th, price, image_url, image_file, sku, allowed_extras_group) VALUES ('chicken-nuggets-and-french-fries', 'french-fries', 'CHICKEN NUGGETS & FRENCH FRIES', 'นักเก็ตไก่ & มันฝรั่งทอด', '', '', 220.0, 'https://gjqevgkbjkharczhikcl.supabase.co/storage/v1/object/public/delivery_food/07-French-Fries/04-chicken-nuggets-and-french-fries.png', '07-French-Fries/04-chicken-nuggets-and-french-fries.png', '10036', 'None') ON CONFLICT (id) DO UPDATE SET category_id = EXCLUDED.category_id, name = EXCLUDED.name, name_th = EXCLUDED.name_th, description = EXCLUDED.description, description_th = EXCLUDED.description_th, price = EXCLUDED.price, image_url = EXCLUDED.image_url, image_file = EXCLUDED.image_file, sku = EXCLUDED.sku, allowed_extras_group = EXCLUDED.allowed_extras_group;
INSERT INTO pizza_items (id, category_id, name, name_th, description, description_th, price, image_url, image_file, sku, allowed_extras_group) VALUES ('fish-nuggets-and-french-fries', 'french-fries', 'FISH NUGGETS & FRENCH FRIES', 'นักเก็ตปลา & มันฝรั่งทอด', '', '', 250.0, 'https://gjqevgkbjkharczhikcl.supabase.co/storage/v1/object/public/delivery_food/07-French-Fries/05-fish-nuggets-and-french-fries.png', '07-French-Fries/05-fish-nuggets-and-french-fries.png', '10043', 'None') ON CONFLICT (id) DO UPDATE SET category_id = EXCLUDED.category_id, name = EXCLUDED.name, name_th = EXCLUDED.name_th, description = EXCLUDED.description, description_th = EXCLUDED.description_th, price = EXCLUDED.price, image_url = EXCLUDED.image_url, image_file = EXCLUDED.image_file, sku = EXCLUDED.sku, allowed_extras_group = EXCLUDED.allowed_extras_group;
INSERT INTO pizza_categories (id, name, name_th, icon) VALUES ('desserts', 'Desserts', 'ของหวาน', '🍰') ON CONFLICT (id) DO UPDATE SET name = EXCLUDED.name, name_th = EXCLUDED.name_th, icon = EXCLUDED.icon;
INSERT INTO pizza_items (id, category_id, name, name_th, description, description_th, price, image_url, image_file, sku, allowed_extras_group) VALUES ('affogato-al-caffè', 'desserts', 'AFFOGATO AL CAFFÈ', 'อัฟโฟกาโต้อัลคาเฟ่', '', '', 130.0, 'https://gjqevgkbjkharczhikcl.supabase.co/storage/v1/object/public/delivery_food/08-Desserts/01-affogato-al-caffe.png', '08-Desserts/01-affogato-al-caffe.png', '10201', 'None') ON CONFLICT (id) DO UPDATE SET category_id = EXCLUDED.category_id, name = EXCLUDED.name, name_th = EXCLUDED.name_th, description = EXCLUDED.description, description_th = EXCLUDED.description_th, price = EXCLUDED.price, image_url = EXCLUDED.image_url, image_file = EXCLUDED.image_file, sku = EXCLUDED.sku, allowed_extras_group = EXCLUDED.allowed_extras_group;
INSERT INTO pizza_items (id, category_id, name, name_th, description, description_th, price, image_url, image_file, sku, allowed_extras_group) VALUES ('cake-of-the-day', 'desserts', 'CAKE OF THE DAY', 'เค้กประจำวัน', '', '', 90.0, 'https://gjqevgkbjkharczhikcl.supabase.co/storage/v1/object/public/delivery_food/08-Desserts/02-cake-of-the-day.png', '08-Desserts/02-cake-of-the-day.png', '10032', 'None') ON CONFLICT (id) DO UPDATE SET category_id = EXCLUDED.category_id, name = EXCLUDED.name, name_th = EXCLUDED.name_th, description = EXCLUDED.description, description_th = EXCLUDED.description_th, price = EXCLUDED.price, image_url = EXCLUDED.image_url, image_file = EXCLUDED.image_file, sku = EXCLUDED.sku, allowed_extras_group = EXCLUDED.allowed_extras_group;
INSERT INTO pizza_items (id, category_id, name, name_th, description, description_th, price, image_url, image_file, sku, allowed_extras_group) VALUES ('tiramisu', 'desserts', 'TIRAMISU', 'ทีรามิสุ', '', '', 90.0, 'https://gjqevgkbjkharczhikcl.supabase.co/storage/v1/object/public/delivery_food/08-Desserts/03-tiramisu.png', '08-Desserts/03-tiramisu.png', '10135', 'None') ON CONFLICT (id) DO UPDATE SET category_id = EXCLUDED.category_id, name = EXCLUDED.name, name_th = EXCLUDED.name_th, description = EXCLUDED.description, description_th = EXCLUDED.description_th, price = EXCLUDED.price, image_url = EXCLUDED.image_url, image_file = EXCLUDED.image_file, sku = EXCLUDED.sku, allowed_extras_group = EXCLUDED.allowed_extras_group;
INSERT INTO pizza_items (id, category_id, name, name_th, description, description_th, price, image_url, image_file, sku, allowed_extras_group) VALUES ('crepes', 'desserts', 'CREPES', 'เครป', '', '', 150.0, 'https://gjqevgkbjkharczhikcl.supabase.co/storage/v1/object/public/delivery_food/08-Desserts/04-crepes.png', '08-Desserts/04-crepes.png', '', 'None') ON CONFLICT (id) DO UPDATE SET category_id = EXCLUDED.category_id, name = EXCLUDED.name, name_th = EXCLUDED.name_th, description = EXCLUDED.description, description_th = EXCLUDED.description_th, price = EXCLUDED.price, image_url = EXCLUDED.image_url, image_file = EXCLUDED.image_file, sku = EXCLUDED.sku, allowed_extras_group = EXCLUDED.allowed_extras_group;
INSERT INTO pizza_variants (id, item_id, name, name_th, sku, price, price_modifier) VALUES ('10291', 'crepes', 'Banana', 'กล้วย', '10291', 150.0, 0.0) ON CONFLICT (id) DO UPDATE SET item_id = EXCLUDED.item_id, name = EXCLUDED.name, name_th = EXCLUDED.name_th, sku = EXCLUDED.sku, price = EXCLUDED.price, price_modifier = EXCLUDED.price_modifier;
INSERT INTO pizza_variants (id, item_id, name, name_th, sku, price, price_modifier) VALUES ('10290', 'crepes', 'Normal', 'ธรรมดา', '10290', 120.0, -30.0) ON CONFLICT (id) DO UPDATE SET item_id = EXCLUDED.item_id, name = EXCLUDED.name, name_th = EXCLUDED.name_th, sku = EXCLUDED.sku, price = EXCLUDED.price, price_modifier = EXCLUDED.price_modifier;
INSERT INTO pizza_items (id, category_id, name, name_th, description, description_th, price, image_url, image_file, sku, allowed_extras_group) VALUES ('pancake', 'desserts', 'PANCAKE', 'แพนเค้ก', '', '', 210.0, 'https://gjqevgkbjkharczhikcl.supabase.co/storage/v1/object/public/delivery_food/08-Desserts/05-pancake.png', '08-Desserts/05-pancake.png', '', 'None') ON CONFLICT (id) DO UPDATE SET category_id = EXCLUDED.category_id, name = EXCLUDED.name, name_th = EXCLUDED.name_th, description = EXCLUDED.description, description_th = EXCLUDED.description_th, price = EXCLUDED.price, image_url = EXCLUDED.image_url, image_file = EXCLUDED.image_file, sku = EXCLUDED.sku, allowed_extras_group = EXCLUDED.allowed_extras_group;
INSERT INTO pizza_variants (id, item_id, name, name_th, sku, price, price_modifier) VALUES ('10293', 'pancake', 'Banana', 'กล้วย', '10293', 210.0, 0.0) ON CONFLICT (id) DO UPDATE SET item_id = EXCLUDED.item_id, name = EXCLUDED.name, name_th = EXCLUDED.name_th, sku = EXCLUDED.sku, price = EXCLUDED.price, price_modifier = EXCLUDED.price_modifier;
INSERT INTO pizza_variants (id, item_id, name, name_th, sku, price, price_modifier) VALUES ('10292', 'pancake', 'Normal', 'ธรรมดา', '10292', 180.0, -30.0) ON CONFLICT (id) DO UPDATE SET item_id = EXCLUDED.item_id, name = EXCLUDED.name, name_th = EXCLUDED.name_th, sku = EXCLUDED.sku, price = EXCLUDED.price, price_modifier = EXCLUDED.price_modifier;
INSERT INTO pizza_categories (id, name, name_th, icon) VALUES ('breakfast-and-snacks', 'Breakfast And Snacks', 'อาหารเช้าและของว่าง', '🍳') ON CONFLICT (id) DO UPDATE SET name = EXCLUDED.name, name_th = EXCLUDED.name_th, icon = EXCLUDED.icon;
INSERT INTO pizza_items (id, category_id, name, name_th, description, description_th, price, image_url, image_file, sku, allowed_extras_group) VALUES ('italian-breakfast', 'breakfast-and-snacks', 'ITALIAN BREAKFAST', 'อาหารเช้าแบบอิตาเลียน', 'Cake of the Day, Cappuccino, Fruit Juice', 'เค้กประจำวัน, คาปูชิโน่, น้ำผลไม้', 170.0, 'https://gjqevgkbjkharczhikcl.supabase.co/storage/v1/object/public/delivery_food/09-Breakfast-and-Snacks/01-italian-breakfast.png', '09-Breakfast-and-Snacks/01-italian-breakfast.png', '10224', 'None') ON CONFLICT (id) DO UPDATE SET category_id = EXCLUDED.category_id, name = EXCLUDED.name, name_th = EXCLUDED.name_th, description = EXCLUDED.description, description_th = EXCLUDED.description_th, price = EXCLUDED.price, image_url = EXCLUDED.image_url, image_file = EXCLUDED.image_file, sku = EXCLUDED.sku, allowed_extras_group = EXCLUDED.allowed_extras_group;
INSERT INTO pizza_items (id, category_id, name, name_th, description, description_th, price, image_url, image_file, sku, allowed_extras_group) VALUES ('american-breakfast', 'breakfast-and-snacks', 'AMERICAN BREAKFAST', 'อาหารเช้าแบบอเมริกัน', '2 Fried Eggs, Bacon, Butter, Jam, Coffee, Fruit Juice, 2 Toasted Slices', 'ไข่ดาว 2 ฟอง, เบคอน, เนย, แยม, กาแฟ, น้ำผลไม้, ขนมปัง 2 แผ่น', 190.0, 'https://gjqevgkbjkharczhikcl.supabase.co/storage/v1/object/public/delivery_food/09-Breakfast-and-Snacks/02-american-breakfast.png', '09-Breakfast-and-Snacks/02-american-breakfast.png', '10223', 'None') ON CONFLICT (id) DO UPDATE SET category_id = EXCLUDED.category_id, name = EXCLUDED.name, name_th = EXCLUDED.name_th, description = EXCLUDED.description, description_th = EXCLUDED.description_th, price = EXCLUDED.price, image_url = EXCLUDED.image_url, image_file = EXCLUDED.image_file, sku = EXCLUDED.sku, allowed_extras_group = EXCLUDED.allowed_extras_group;
INSERT INTO pizza_items (id, category_id, name, name_th, description, description_th, price, image_url, image_file, sku, allowed_extras_group) VALUES ('eggs-and-bacon', 'breakfast-and-snacks', 'EGGS & BACON', 'ไข่และเบคอน', '2 Fried Eggs, Bacon, 1 Toasted Slice', 'ไข่ดาว 2 ฟอง, เบคอน, ขนมปัง 1 แผ่น', 110.0, 'https://gjqevgkbjkharczhikcl.supabase.co/storage/v1/object/public/delivery_food/09-Breakfast-and-Snacks/03-eggs-and-bacon.png', '09-Breakfast-and-Snacks/03-eggs-and-bacon.png', '10268', 'None') ON CONFLICT (id) DO UPDATE SET category_id = EXCLUDED.category_id, name = EXCLUDED.name, name_th = EXCLUDED.name_th, description = EXCLUDED.description, description_th = EXCLUDED.description_th, price = EXCLUDED.price, image_url = EXCLUDED.image_url, image_file = EXCLUDED.image_file, sku = EXCLUDED.sku, allowed_extras_group = EXCLUDED.allowed_extras_group;
INSERT INTO pizza_items (id, category_id, name, name_th, description, description_th, price, image_url, image_file, sku, allowed_extras_group) VALUES ('butter-and-jam', 'breakfast-and-snacks', 'BUTTER & JAM', 'เนยและแยม', '2 Toasted Slices, Jam and Butter', 'ขนมปัง 2 แผ่น, แยม และ เนย', 70.0, 'https://gjqevgkbjkharczhikcl.supabase.co/storage/v1/object/public/delivery_food/09-Breakfast-and-Snacks/04-butter-and-jam.png', '09-Breakfast-and-Snacks/04-butter-and-jam.png', '10267', 'None') ON CONFLICT (id) DO UPDATE SET category_id = EXCLUDED.category_id, name = EXCLUDED.name, name_th = EXCLUDED.name_th, description = EXCLUDED.description, description_th = EXCLUDED.description_th, price = EXCLUDED.price, image_url = EXCLUDED.image_url, image_file = EXCLUDED.image_file, sku = EXCLUDED.sku, allowed_extras_group = EXCLUDED.allowed_extras_group;
INSERT INTO pizza_items (id, category_id, name, name_th, description, description_th, price, image_url, image_file, sku, allowed_extras_group) VALUES ('nutella-bread', 'breakfast-and-snacks', 'NUTELLA BREAD', 'ขนมปังนูเทลล่า', '2 Toasted Slices Spread With Nutella', 'ขนมปัง 2 แผ่น ทานูเทลล่า', 90.0, 'https://gjqevgkbjkharczhikcl.supabase.co/storage/v1/object/public/delivery_food/09-Breakfast-and-Snacks/05-nutella-bread.png', '09-Breakfast-and-Snacks/05-nutella-bread.png', '10266', 'None') ON CONFLICT (id) DO UPDATE SET category_id = EXCLUDED.category_id, name = EXCLUDED.name, name_th = EXCLUDED.name_th, description = EXCLUDED.description, description_th = EXCLUDED.description_th, price = EXCLUDED.price, image_url = EXCLUDED.image_url, image_file = EXCLUDED.image_file, sku = EXCLUDED.sku, allowed_extras_group = EXCLUDED.allowed_extras_group;
INSERT INTO pizza_items (id, category_id, name, name_th, description, description_th, price, image_url, image_file, sku, allowed_extras_group) VALUES ('italian-toast', 'breakfast-and-snacks', 'ITALIAN TOAST', 'อิตาเลียนโทสต์', '2 Toasted Slices Filled With Ham And Cheese', 'ขนมปัง 2 แผ่น สอดไส้แฮมและชีส', 90.0, 'https://gjqevgkbjkharczhikcl.supabase.co/storage/v1/object/public/delivery_food/09-Breakfast-and-Snacks/06-italian-toast.png', '09-Breakfast-and-Snacks/06-italian-toast.png', '10229', 'None') ON CONFLICT (id) DO UPDATE SET category_id = EXCLUDED.category_id, name = EXCLUDED.name, name_th = EXCLUDED.name_th, description = EXCLUDED.description, description_th = EXCLUDED.description_th, price = EXCLUDED.price, image_url = EXCLUDED.image_url, image_file = EXCLUDED.image_file, sku = EXCLUDED.sku, allowed_extras_group = EXCLUDED.allowed_extras_group;
INSERT INTO pizza_items (id, category_id, name, name_th, description, description_th, price, image_url, image_file, sku, allowed_extras_group) VALUES ('french-toast', 'breakfast-and-snacks', 'FRENCH TOAST', 'เฟรนช์โทสต์', '2 Fried Toasts With Milk and Egg, Honey', 'ขนมปัง 2 แผ่น ชุบในนมและไข่ ทอด ราดน้ำผึ้ง', 90.0, 'https://gjqevgkbjkharczhikcl.supabase.co/storage/v1/object/public/delivery_food/09-Breakfast-and-Snacks/07-french-toast.png', '09-Breakfast-and-Snacks/07-french-toast.png', '10227', 'None') ON CONFLICT (id) DO UPDATE SET category_id = EXCLUDED.category_id, name = EXCLUDED.name, name_th = EXCLUDED.name_th, description = EXCLUDED.description, description_th = EXCLUDED.description_th, price = EXCLUDED.price, image_url = EXCLUDED.image_url, image_file = EXCLUDED.image_file, sku = EXCLUDED.sku, allowed_extras_group = EXCLUDED.allowed_extras_group;
INSERT INTO pizza_items (id, category_id, name, name_th, description, description_th, price, image_url, image_file, sku, allowed_extras_group) VALUES ('french-rolls', 'breakfast-and-snacks', 'FRENCH ROLLS', 'เฟรนช์โรล', '3 Fried Toasts with Milk And Egg, Filled with Ham & Cheese', 'ขนมปัง 3 แผ่นชุบในนมและไข่ทอดและสอดไส้แฮมและชีส', 130.0, 'https://gjqevgkbjkharczhikcl.supabase.co/storage/v1/object/public/delivery_food/09-Breakfast-and-Snacks/08-french-rolls.png', '09-Breakfast-and-Snacks/08-french-rolls.png', '10228', 'None') ON CONFLICT (id) DO UPDATE SET category_id = EXCLUDED.category_id, name = EXCLUDED.name, name_th = EXCLUDED.name_th, description = EXCLUDED.description, description_th = EXCLUDED.description_th, price = EXCLUDED.price, image_url = EXCLUDED.image_url, image_file = EXCLUDED.image_file, sku = EXCLUDED.sku, allowed_extras_group = EXCLUDED.allowed_extras_group;
INSERT INTO pizza_items (id, category_id, name, name_th, description, description_th, price, image_url, image_file, sku, allowed_extras_group) VALUES ('pastries', 'breakfast-and-snacks', 'PASTRIES', 'ขนมอบ', 'Fresh Pastries of the Day, Ask the Staff (+30฿ Nutella)', 'ขนมอบสดประจำวัน สอบถามพนักงาน (+30฿ นูเทลล่า)', 0.0, 'https://gjqevgkbjkharczhikcl.supabase.co/storage/v1/object/public/delivery_food/09-Breakfast-and-Snacks/09-pastries.png', '09-Breakfast-and-Snacks/09-pastries.png', '10249', 'Croissant Modifiers') ON CONFLICT (id) DO UPDATE SET category_id = EXCLUDED.category_id, name = EXCLUDED.name, name_th = EXCLUDED.name_th, description = EXCLUDED.description, description_th = EXCLUDED.description_th, price = EXCLUDED.price, image_url = EXCLUDED.image_url, image_file = EXCLUDED.image_file, sku = EXCLUDED.sku, allowed_extras_group = EXCLUDED.allowed_extras_group;
INSERT INTO pizza_items (id, category_id, name, name_th, description, description_th, price, image_url, image_file, sku, allowed_extras_group) VALUES ('fruit-salad', 'breakfast-and-snacks', 'FRUIT SALAD', 'มาซิโดเนียผลไม้', 'Seasonal Fresh Fruit Salad (+30฿ Yogurt)', 'มาซิโดเนียผลไม้สดตามฤดูกาล (+30฿ โยเกิร์ต)', 120.0, 'https://gjqevgkbjkharczhikcl.supabase.co/storage/v1/object/public/delivery_food/09-Breakfast-and-Snacks/10-fruit-salad.png', '09-Breakfast-and-Snacks/10-fruit-salad.png', '', 'None') ON CONFLICT (id) DO UPDATE SET category_id = EXCLUDED.category_id, name = EXCLUDED.name, name_th = EXCLUDED.name_th, description = EXCLUDED.description, description_th = EXCLUDED.description_th, price = EXCLUDED.price, image_url = EXCLUDED.image_url, image_file = EXCLUDED.image_file, sku = EXCLUDED.sku, allowed_extras_group = EXCLUDED.allowed_extras_group;
INSERT INTO pizza_variants (id, item_id, name, name_th, sku, price, price_modifier) VALUES ('10132', 'fruit-salad', 'Normal', 'ธรรมดา', '10132', 120.0, 0.0) ON CONFLICT (id) DO UPDATE SET item_id = EXCLUDED.item_id, name = EXCLUDED.name, name_th = EXCLUDED.name_th, sku = EXCLUDED.sku, price = EXCLUDED.price, price_modifier = EXCLUDED.price_modifier;
INSERT INTO pizza_variants (id, item_id, name, name_th, sku, price, price_modifier) VALUES ('10231', 'fruit-salad', 'Yogurt', 'โยเกิร์ต', '10231', 150.0, 30.0) ON CONFLICT (id) DO UPDATE SET item_id = EXCLUDED.item_id, name = EXCLUDED.name, name_th = EXCLUDED.name_th, sku = EXCLUDED.sku, price = EXCLUDED.price, price_modifier = EXCLUDED.price_modifier;
INSERT INTO pizza_categories (id, name, name_th, icon) VALUES ('coffee-shop', 'Coffee Shop', 'ร้านกาแฟ', '☕') ON CONFLICT (id) DO UPDATE SET name = EXCLUDED.name, name_th = EXCLUDED.name_th, icon = EXCLUDED.icon;
INSERT INTO pizza_items (id, category_id, name, name_th, description, description_th, price, image_url, image_file, sku, allowed_extras_group) VALUES ('caffè-espresso', 'coffee-shop', 'CAFFÈ ESPRESSO', 'เอสเพรสโซ่', '', '', 40.0, 'https://gjqevgkbjkharczhikcl.supabase.co/storage/v1/object/public/delivery_food/10-Coffee-Shop/01-caffe-espresso.png', '10-Coffee-Shop/01-caffe-espresso.png', '10093', 'Coffee Shop Modifiers') ON CONFLICT (id) DO UPDATE SET category_id = EXCLUDED.category_id, name = EXCLUDED.name, name_th = EXCLUDED.name_th, description = EXCLUDED.description, description_th = EXCLUDED.description_th, price = EXCLUDED.price, image_url = EXCLUDED.image_url, image_file = EXCLUDED.image_file, sku = EXCLUDED.sku, allowed_extras_group = EXCLUDED.allowed_extras_group;
INSERT INTO pizza_items (id, category_id, name, name_th, description, description_th, price, image_url, image_file, sku, allowed_extras_group) VALUES ('americano', 'coffee-shop', 'AMERICANO', 'กาแฟอเมริกาโน', '', '', 50.0, 'https://gjqevgkbjkharczhikcl.supabase.co/storage/v1/object/public/delivery_food/10-Coffee-Shop/02-americano.png', '10-Coffee-Shop/02-americano.png', '', 'Coffee Shop Modifiers') ON CONFLICT (id) DO UPDATE SET category_id = EXCLUDED.category_id, name = EXCLUDED.name, name_th = EXCLUDED.name_th, description = EXCLUDED.description, description_th = EXCLUDED.description_th, price = EXCLUDED.price, image_url = EXCLUDED.image_url, image_file = EXCLUDED.image_file, sku = EXCLUDED.sku, allowed_extras_group = EXCLUDED.allowed_extras_group;
INSERT INTO pizza_variants (id, item_id, name, name_th, sku, price, price_modifier) VALUES ('10219', 'americano', 'Hot', 'ร้อน', '10219', 50.0, 0.0) ON CONFLICT (id) DO UPDATE SET item_id = EXCLUDED.item_id, name = EXCLUDED.name, name_th = EXCLUDED.name_th, sku = EXCLUDED.sku, price = EXCLUDED.price, price_modifier = EXCLUDED.price_modifier;
INSERT INTO pizza_variants (id, item_id, name, name_th, sku, price, price_modifier) VALUES ('10222', 'americano', 'Iced', 'เย็น', '10222', 70.0, 20.0) ON CONFLICT (id) DO UPDATE SET item_id = EXCLUDED.item_id, name = EXCLUDED.name, name_th = EXCLUDED.name_th, sku = EXCLUDED.sku, price = EXCLUDED.price, price_modifier = EXCLUDED.price_modifier;
INSERT INTO pizza_items (id, category_id, name, name_th, description, description_th, price, image_url, image_file, sku, allowed_extras_group) VALUES ('cappuccino', 'coffee-shop', 'CAPPUCCINO', 'คาปูชิโน่', '', '', 60.0, 'https://gjqevgkbjkharczhikcl.supabase.co/storage/v1/object/public/delivery_food/10-Coffee-Shop/03-cappuccino.png', '10-Coffee-Shop/03-cappuccino.png', '', 'Coffee Shop Modifiers') ON CONFLICT (id) DO UPDATE SET category_id = EXCLUDED.category_id, name = EXCLUDED.name, name_th = EXCLUDED.name_th, description = EXCLUDED.description, description_th = EXCLUDED.description_th, price = EXCLUDED.price, image_url = EXCLUDED.image_url, image_file = EXCLUDED.image_file, sku = EXCLUDED.sku, allowed_extras_group = EXCLUDED.allowed_extras_group;
INSERT INTO pizza_variants (id, item_id, name, name_th, sku, price, price_modifier) VALUES ('10220', 'cappuccino', 'Hot', 'ร้อน', '10220', 60.0, 0.0) ON CONFLICT (id) DO UPDATE SET item_id = EXCLUDED.item_id, name = EXCLUDED.name, name_th = EXCLUDED.name_th, sku = EXCLUDED.sku, price = EXCLUDED.price, price_modifier = EXCLUDED.price_modifier;
INSERT INTO pizza_variants (id, item_id, name, name_th, sku, price, price_modifier) VALUES ('10221', 'cappuccino', 'Iced', 'เย็น', '10221', 80.0, 20.0) ON CONFLICT (id) DO UPDATE SET item_id = EXCLUDED.item_id, name = EXCLUDED.name, name_th = EXCLUDED.name_th, sku = EXCLUDED.sku, price = EXCLUDED.price, price_modifier = EXCLUDED.price_modifier;
INSERT INTO pizza_items (id, category_id, name, name_th, description, description_th, price, image_url, image_file, sku, allowed_extras_group) VALUES ('latte-macchiato', 'coffee-shop', 'LATTE MACCHIATO', 'ลาเต้ มัคคิอาโต้', '', '', 70.0, 'https://gjqevgkbjkharczhikcl.supabase.co/storage/v1/object/public/delivery_food/10-Coffee-Shop/04-latte-macchiato.png', '10-Coffee-Shop/04-latte-macchiato.png', '', 'Coffee Shop Modifiers') ON CONFLICT (id) DO UPDATE SET category_id = EXCLUDED.category_id, name = EXCLUDED.name, name_th = EXCLUDED.name_th, description = EXCLUDED.description, description_th = EXCLUDED.description_th, price = EXCLUDED.price, image_url = EXCLUDED.image_url, image_file = EXCLUDED.image_file, sku = EXCLUDED.sku, allowed_extras_group = EXCLUDED.allowed_extras_group;
INSERT INTO pizza_variants (id, item_id, name, name_th, sku, price, price_modifier) VALUES ('10044', 'latte-macchiato', 'Hot', 'ร้อน', '10044', 70.0, 0.0) ON CONFLICT (id) DO UPDATE SET item_id = EXCLUDED.item_id, name = EXCLUDED.name, name_th = EXCLUDED.name_th, sku = EXCLUDED.sku, price = EXCLUDED.price, price_modifier = EXCLUDED.price_modifier;
INSERT INTO pizza_variants (id, item_id, name, name_th, sku, price, price_modifier) VALUES ('10164', 'latte-macchiato', 'Iced', 'เย็น', '10164', 90.0, 20.0) ON CONFLICT (id) DO UPDATE SET item_id = EXCLUDED.item_id, name = EXCLUDED.name, name_th = EXCLUDED.name_th, sku = EXCLUDED.sku, price = EXCLUDED.price, price_modifier = EXCLUDED.price_modifier;
INSERT INTO pizza_items (id, category_id, name, name_th, description, description_th, price, image_url, image_file, sku, allowed_extras_group) VALUES ('mini-affogato-al-caffé', 'coffee-shop', 'MINI AFFOGATO AL CAFFÉ', 'มินิ อัฟโฟกาโต กาแฟ', '', '', 60.0, 'https://gjqevgkbjkharczhikcl.supabase.co/storage/v1/object/public/delivery_food/10-Coffee-Shop/05-mini-affogato-al-caffe.png', '10-Coffee-Shop/05-mini-affogato-al-caffe.png', '10092', 'Coffee Shop Modifiers') ON CONFLICT (id) DO UPDATE SET category_id = EXCLUDED.category_id, name = EXCLUDED.name, name_th = EXCLUDED.name_th, description = EXCLUDED.description, description_th = EXCLUDED.description_th, price = EXCLUDED.price, image_url = EXCLUDED.image_url, image_file = EXCLUDED.image_file, sku = EXCLUDED.sku, allowed_extras_group = EXCLUDED.allowed_extras_group;
INSERT INTO pizza_items (id, category_id, name, name_th, description, description_th, price, image_url, image_file, sku, allowed_extras_group) VALUES ('marocchino', 'coffee-shop', 'MAROCCHINO', 'กาแฟมอคคาครีม', '', '', 65.0, 'https://gjqevgkbjkharczhikcl.supabase.co/storage/v1/object/public/delivery_food/10-Coffee-Shop/06-marocchino.png', '10-Coffee-Shop/06-marocchino.png', '', 'Coffee Shop Modifiers') ON CONFLICT (id) DO UPDATE SET category_id = EXCLUDED.category_id, name = EXCLUDED.name, name_th = EXCLUDED.name_th, description = EXCLUDED.description, description_th = EXCLUDED.description_th, price = EXCLUDED.price, image_url = EXCLUDED.image_url, image_file = EXCLUDED.image_file, sku = EXCLUDED.sku, allowed_extras_group = EXCLUDED.allowed_extras_group;
INSERT INTO pizza_variants (id, item_id, name, name_th, sku, price, price_modifier) VALUES ('10163', 'marocchino', 'Hot', 'ร้อน', '10163', 65.0, 0.0) ON CONFLICT (id) DO UPDATE SET item_id = EXCLUDED.item_id, name = EXCLUDED.name, name_th = EXCLUDED.name_th, sku = EXCLUDED.sku, price = EXCLUDED.price, price_modifier = EXCLUDED.price_modifier;
INSERT INTO pizza_variants (id, item_id, name, name_th, sku, price, price_modifier) VALUES ('10216', 'marocchino', 'Iced', 'เย็น', '10216', 85.0, 20.0) ON CONFLICT (id) DO UPDATE SET item_id = EXCLUDED.item_id, name = EXCLUDED.name, name_th = EXCLUDED.name_th, sku = EXCLUDED.sku, price = EXCLUDED.price, price_modifier = EXCLUDED.price_modifier;
INSERT INTO pizza_items (id, category_id, name, name_th, description, description_th, price, image_url, image_file, sku, allowed_extras_group) VALUES ('hot-chocolate', 'coffee-shop', 'HOT CHOCOLATE', 'ช็อกโกแลตร้อน', '', '', 90.0, 'https://gjqevgkbjkharczhikcl.supabase.co/storage/v1/object/public/delivery_food/10-Coffee-Shop/07-hot-chocolate.png', '10-Coffee-Shop/07-hot-chocolate.png', '10214', 'Coffee Shop Modifiers') ON CONFLICT (id) DO UPDATE SET category_id = EXCLUDED.category_id, name = EXCLUDED.name, name_th = EXCLUDED.name_th, description = EXCLUDED.description, description_th = EXCLUDED.description_th, price = EXCLUDED.price, image_url = EXCLUDED.image_url, image_file = EXCLUDED.image_file, sku = EXCLUDED.sku, allowed_extras_group = EXCLUDED.allowed_extras_group;
INSERT INTO pizza_items (id, category_id, name, name_th, description, description_th, price, image_url, image_file, sku, allowed_extras_group) VALUES ('milk-and-honey', 'coffee-shop', 'MILK AND HONEY', 'นมและน้ำผึ้ง', '', '', 70.0, 'https://gjqevgkbjkharczhikcl.supabase.co/storage/v1/object/public/delivery_food/10-Coffee-Shop/08-milk-and-honey.png', '10-Coffee-Shop/08-milk-and-honey.png', '', 'Coffee Shop Modifiers') ON CONFLICT (id) DO UPDATE SET category_id = EXCLUDED.category_id, name = EXCLUDED.name, name_th = EXCLUDED.name_th, description = EXCLUDED.description, description_th = EXCLUDED.description_th, price = EXCLUDED.price, image_url = EXCLUDED.image_url, image_file = EXCLUDED.image_file, sku = EXCLUDED.sku, allowed_extras_group = EXCLUDED.allowed_extras_group;
INSERT INTO pizza_variants (id, item_id, name, name_th, sku, price, price_modifier) VALUES ('10264', 'milk-and-honey', 'Hot', 'ร้อน', '10264', 70.0, 0.0) ON CONFLICT (id) DO UPDATE SET item_id = EXCLUDED.item_id, name = EXCLUDED.name, name_th = EXCLUDED.name_th, sku = EXCLUDED.sku, price = EXCLUDED.price, price_modifier = EXCLUDED.price_modifier;
INSERT INTO pizza_variants (id, item_id, name, name_th, sku, price, price_modifier) VALUES ('10273', 'milk-and-honey', 'Iced', 'เย็น', '10273', 90.0, 20.0) ON CONFLICT (id) DO UPDATE SET item_id = EXCLUDED.item_id, name = EXCLUDED.name, name_th = EXCLUDED.name_th, sku = EXCLUDED.sku, price = EXCLUDED.price, price_modifier = EXCLUDED.price_modifier;
INSERT INTO pizza_items (id, category_id, name, name_th, description, description_th, price, image_url, image_file, sku, allowed_extras_group) VALUES ('red-thai-tea', 'coffee-shop', 'RED THAI TEA', 'ชาแดงไทย', '', '', 50.0, 'https://gjqevgkbjkharczhikcl.supabase.co/storage/v1/object/public/delivery_food/10-Coffee-Shop/09-red-thai-tea.png', '10-Coffee-Shop/09-red-thai-tea.png', '', 'Coffee Shop Modifiers') ON CONFLICT (id) DO UPDATE SET category_id = EXCLUDED.category_id, name = EXCLUDED.name, name_th = EXCLUDED.name_th, description = EXCLUDED.description, description_th = EXCLUDED.description_th, price = EXCLUDED.price, image_url = EXCLUDED.image_url, image_file = EXCLUDED.image_file, sku = EXCLUDED.sku, allowed_extras_group = EXCLUDED.allowed_extras_group;
INSERT INTO pizza_variants (id, item_id, name, name_th, sku, price, price_modifier) VALUES ('10213', 'red-thai-tea', 'Hot', 'ร้อน', '10213', 50.0, 0.0) ON CONFLICT (id) DO UPDATE SET item_id = EXCLUDED.item_id, name = EXCLUDED.name, name_th = EXCLUDED.name_th, sku = EXCLUDED.sku, price = EXCLUDED.price, price_modifier = EXCLUDED.price_modifier;
INSERT INTO pizza_variants (id, item_id, name, name_th, sku, price, price_modifier) VALUES ('10217', 'red-thai-tea', 'Iced', 'เย็น', '10217', 70.0, 20.0) ON CONFLICT (id) DO UPDATE SET item_id = EXCLUDED.item_id, name = EXCLUDED.name, name_th = EXCLUDED.name_th, sku = EXCLUDED.sku, price = EXCLUDED.price, price_modifier = EXCLUDED.price_modifier;
INSERT INTO pizza_items (id, category_id, name, name_th, description, description_th, price, image_url, image_file, sku, allowed_extras_group) VALUES ('green-thai-tea', 'coffee-shop', 'GREEN THAI TEA', 'ชาเขียวไทย', '', '', 50.0, 'https://gjqevgkbjkharczhikcl.supabase.co/storage/v1/object/public/delivery_food/10-Coffee-Shop/10-green-thai-tea.png', '10-Coffee-Shop/10-green-thai-tea.png', '', 'Coffee Shop Modifiers') ON CONFLICT (id) DO UPDATE SET category_id = EXCLUDED.category_id, name = EXCLUDED.name, name_th = EXCLUDED.name_th, description = EXCLUDED.description, description_th = EXCLUDED.description_th, price = EXCLUDED.price, image_url = EXCLUDED.image_url, image_file = EXCLUDED.image_file, sku = EXCLUDED.sku, allowed_extras_group = EXCLUDED.allowed_extras_group;
INSERT INTO pizza_variants (id, item_id, name, name_th, sku, price, price_modifier) VALUES ('10215', 'green-thai-tea', 'Hot', 'ร้อน', '10215', 50.0, 0.0) ON CONFLICT (id) DO UPDATE SET item_id = EXCLUDED.item_id, name = EXCLUDED.name, name_th = EXCLUDED.name_th, sku = EXCLUDED.sku, price = EXCLUDED.price, price_modifier = EXCLUDED.price_modifier;
INSERT INTO pizza_variants (id, item_id, name, name_th, sku, price, price_modifier) VALUES ('10218', 'green-thai-tea', 'Iced', 'เย็น', '10218', 70.0, 20.0) ON CONFLICT (id) DO UPDATE SET item_id = EXCLUDED.item_id, name = EXCLUDED.name, name_th = EXCLUDED.name_th, sku = EXCLUDED.sku, price = EXCLUDED.price, price_modifier = EXCLUDED.price_modifier;
INSERT INTO pizza_categories (id, name, name_th, icon) VALUES ('fruit-drinks', 'Fruit Drinks', 'เครื่องดื่มผลไม้', '🍹') ON CONFLICT (id) DO UPDATE SET name = EXCLUDED.name, name_th = EXCLUDED.name_th, icon = EXCLUDED.icon;
INSERT INTO pizza_items (id, category_id, name, name_th, description, description_th, price, image_url, image_file, sku, allowed_extras_group) VALUES ('fruit-shakes-(choice-of-fruit)', 'fruit-drinks', 'FRUIT SHAKES (Choice of Fruit)', 'น้ำผลไม้ปั่น (ผลไม้ตามเลือก)', '', '', 70.0, 'https://gjqevgkbjkharczhikcl.supabase.co/storage/v1/object/public/delivery_food/11-Fruit-Drinks/01-fruit-shakes-choice-of-fruit.png', '11-Fruit-Drinks/01-fruit-shakes-choice-of-fruit.png', '10146', 'None') ON CONFLICT (id) DO UPDATE SET category_id = EXCLUDED.category_id, name = EXCLUDED.name, name_th = EXCLUDED.name_th, description = EXCLUDED.description, description_th = EXCLUDED.description_th, price = EXCLUDED.price, image_url = EXCLUDED.image_url, image_file = EXCLUDED.image_file, sku = EXCLUDED.sku, allowed_extras_group = EXCLUDED.allowed_extras_group;
INSERT INTO pizza_items (id, category_id, name, name_th, description, description_th, price, image_url, image_file, sku, allowed_extras_group) VALUES ('smoothies-(choice-of-fruit)', 'fruit-drinks', 'SMOOTHIES (Choice of Fruit)', 'สมูทตี้ (ผลไม้ตามเลือก)', '', '', 80.0, 'https://gjqevgkbjkharczhikcl.supabase.co/storage/v1/object/public/delivery_food/11-Fruit-Drinks/02-smoothies-choice-of-fruit.png', '11-Fruit-Drinks/02-smoothies-choice-of-fruit.png', '10147', 'None') ON CONFLICT (id) DO UPDATE SET category_id = EXCLUDED.category_id, name = EXCLUDED.name, name_th = EXCLUDED.name_th, description = EXCLUDED.description, description_th = EXCLUDED.description_th, price = EXCLUDED.price, image_url = EXCLUDED.image_url, image_file = EXCLUDED.image_file, sku = EXCLUDED.sku, allowed_extras_group = EXCLUDED.allowed_extras_group;
INSERT INTO pizza_items (id, category_id, name, name_th, description, description_th, price, image_url, image_file, sku, allowed_extras_group) VALUES ('lassis-(choice-of-fruit)', 'fruit-drinks', 'LASSIS (Choice of Fruit)', 'ลัสซี่ (ผลไม้ตามเลือก)', '', '', 90.0, 'https://gjqevgkbjkharczhikcl.supabase.co/storage/v1/object/public/delivery_food/11-Fruit-Drinks/03-lassis-choice-of-fruit.png', '11-Fruit-Drinks/03-lassis-choice-of-fruit.png', '10149', 'None') ON CONFLICT (id) DO UPDATE SET category_id = EXCLUDED.category_id, name = EXCLUDED.name, name_th = EXCLUDED.name_th, description = EXCLUDED.description, description_th = EXCLUDED.description_th, price = EXCLUDED.price, image_url = EXCLUDED.image_url, image_file = EXCLUDED.image_file, sku = EXCLUDED.sku, allowed_extras_group = EXCLUDED.allowed_extras_group;
INSERT INTO pizza_items (id, category_id, name, name_th, description, description_th, price, image_url, image_file, sku, allowed_extras_group) VALUES ('frappés-(choice-of-fruit)', 'fruit-drinks', 'FRAPPÉS (Choice of Fruit)', 'เฟรปเป้ (ผลไม้ตามเลือก)', '', '', 100.0, 'https://gjqevgkbjkharczhikcl.supabase.co/storage/v1/object/public/delivery_food/11-Fruit-Drinks/04-frappes-choice-of-fruit.png', '11-Fruit-Drinks/04-frappes-choice-of-fruit.png', '10148', 'None') ON CONFLICT (id) DO UPDATE SET category_id = EXCLUDED.category_id, name = EXCLUDED.name, name_th = EXCLUDED.name_th, description = EXCLUDED.description, description_th = EXCLUDED.description_th, price = EXCLUDED.price, image_url = EXCLUDED.image_url, image_file = EXCLUDED.image_file, sku = EXCLUDED.sku, allowed_extras_group = EXCLUDED.allowed_extras_group;
INSERT INTO pizza_items (id, category_id, name, name_th, description, description_th, price, image_url, image_file, sku, allowed_extras_group) VALUES ('cold-pressed-juice-(choice-of-fruit)', 'fruit-drinks', 'COLD-PRESSED JUICE (Choice of Fruit)', 'น้ำสกัดเย็น (ผลไม้ตามเลือก)', '', '', 110.0, 'https://gjqevgkbjkharczhikcl.supabase.co/storage/v1/object/public/delivery_food/11-Fruit-Drinks/05-cold-pressed-juice-choice-of-fruit.png', '11-Fruit-Drinks/05-cold-pressed-juice-choice-of-fruit.png', '10306', 'None') ON CONFLICT (id) DO UPDATE SET category_id = EXCLUDED.category_id, name = EXCLUDED.name, name_th = EXCLUDED.name_th, description = EXCLUDED.description, description_th = EXCLUDED.description_th, price = EXCLUDED.price, image_url = EXCLUDED.image_url, image_file = EXCLUDED.image_file, sku = EXCLUDED.sku, allowed_extras_group = EXCLUDED.allowed_extras_group;
INSERT INTO pizza_categories (id, name, name_th, icon) VALUES ('soft-drinks', 'Soft Drinks', 'น้ำอัดลม', '🥤') ON CONFLICT (id) DO UPDATE SET name = EXCLUDED.name, name_th = EXCLUDED.name_th, icon = EXCLUDED.icon;
INSERT INTO pizza_items (id, category_id, name, name_th, description, description_th, price, image_url, image_file, sku, allowed_extras_group) VALUES ('soda-water', 'soft-drinks', 'SODA WATER', 'น้ำโซดา', '', '', 20.0, 'https://gjqevgkbjkharczhikcl.supabase.co/storage/v1/object/public/delivery_food/12-Soft-Drinks/01-soda-water.png', '12-Soft-Drinks/01-soda-water.png', '10070', 'None') ON CONFLICT (id) DO UPDATE SET category_id = EXCLUDED.category_id, name = EXCLUDED.name, name_th = EXCLUDED.name_th, description = EXCLUDED.description, description_th = EXCLUDED.description_th, price = EXCLUDED.price, image_url = EXCLUDED.image_url, image_file = EXCLUDED.image_file, sku = EXCLUDED.sku, allowed_extras_group = EXCLUDED.allowed_extras_group;
INSERT INTO pizza_items (id, category_id, name, name_th, description, description_th, price, image_url, image_file, sku, allowed_extras_group) VALUES ('soft-drink-cans', 'soft-drinks', 'SOFT DRINK CANS', 'กระป๋องน้ำอัดลม', 'Fanta, Sprite, Coca-Cola', 'แฟนต้า, สไปรท์, โคคา-โคล่า', 30.0, 'https://gjqevgkbjkharczhikcl.supabase.co/storage/v1/object/public/delivery_food/12-Soft-Drinks/02-coca-cola.png', '12-Soft-Drinks/02-coca-cola.png', '', 'None') ON CONFLICT (id) DO UPDATE SET category_id = EXCLUDED.category_id, name = EXCLUDED.name, name_th = EXCLUDED.name_th, description = EXCLUDED.description, description_th = EXCLUDED.description_th, price = EXCLUDED.price, image_url = EXCLUDED.image_url, image_file = EXCLUDED.image_file, sku = EXCLUDED.sku, allowed_extras_group = EXCLUDED.allowed_extras_group;
INSERT INTO pizza_variants (id, item_id, name, name_th, sku, price, price_modifier) VALUES ('10071', 'soft-drink-cans', 'Coke', 'Coke', '10071', 30.0, 0.0) ON CONFLICT (id) DO UPDATE SET item_id = EXCLUDED.item_id, name = EXCLUDED.name, name_th = EXCLUDED.name_th, sku = EXCLUDED.sku, price = EXCLUDED.price, price_modifier = EXCLUDED.price_modifier;
INSERT INTO pizza_variants (id, item_id, name, name_th, sku, price, price_modifier) VALUES ('10082', 'soft-drink-cans', 'Coke Zero', 'Coke Zero', '10082', 30.0, 0.0) ON CONFLICT (id) DO UPDATE SET item_id = EXCLUDED.item_id, name = EXCLUDED.name, name_th = EXCLUDED.name_th, sku = EXCLUDED.sku, price = EXCLUDED.price, price_modifier = EXCLUDED.price_modifier;
INSERT INTO pizza_variants (id, item_id, name, name_th, sku, price, price_modifier) VALUES ('10072', 'soft-drink-cans', 'Fanta', 'Fanta', '10072', 30.0, 0.0) ON CONFLICT (id) DO UPDATE SET item_id = EXCLUDED.item_id, name = EXCLUDED.name, name_th = EXCLUDED.name_th, sku = EXCLUDED.sku, price = EXCLUDED.price, price_modifier = EXCLUDED.price_modifier;
INSERT INTO pizza_variants (id, item_id, name, name_th, sku, price, price_modifier) VALUES ('10073', 'soft-drink-cans', 'Sprite Can', 'Sprite Can', '10073', 30.0, 0.0) ON CONFLICT (id) DO UPDATE SET item_id = EXCLUDED.item_id, name = EXCLUDED.name, name_th = EXCLUDED.name_th, sku = EXCLUDED.sku, price = EXCLUDED.price, price_modifier = EXCLUDED.price_modifier;
INSERT INTO pizza_items (id, category_id, name, name_th, description, description_th, price, image_url, image_file, sku, allowed_extras_group) VALUES ('drinking-water', 'soft-drinks', 'DRINKING WATER', 'น้ำดื่ม', '', '', 30.0, 'https://gjqevgkbjkharczhikcl.supabase.co/storage/v1/object/public/delivery_food/12-Soft-Drinks/06-drinking-water.png', '12-Soft-Drinks/06-drinking-water.png', '', 'None') ON CONFLICT (id) DO UPDATE SET category_id = EXCLUDED.category_id, name = EXCLUDED.name, name_th = EXCLUDED.name_th, description = EXCLUDED.description, description_th = EXCLUDED.description_th, price = EXCLUDED.price, image_url = EXCLUDED.image_url, image_file = EXCLUDED.image_file, sku = EXCLUDED.sku, allowed_extras_group = EXCLUDED.allowed_extras_group;
INSERT INTO pizza_variants (id, item_id, name, name_th, sku, price, price_modifier) VALUES ('10105', 'drinking-water', 'Big', 'ใหญ่', '10105', 30.0, 0.0) ON CONFLICT (id) DO UPDATE SET item_id = EXCLUDED.item_id, name = EXCLUDED.name, name_th = EXCLUDED.name_th, sku = EXCLUDED.sku, price = EXCLUDED.price, price_modifier = EXCLUDED.price_modifier;
INSERT INTO pizza_variants (id, item_id, name, name_th, sku, price, price_modifier) VALUES ('10069', 'drinking-water', 'Small', 'เล็ก', '10069', 20.0, -10.0) ON CONFLICT (id) DO UPDATE SET item_id = EXCLUDED.item_id, name = EXCLUDED.name, name_th = EXCLUDED.name_th, sku = EXCLUDED.sku, price = EXCLUDED.price, price_modifier = EXCLUDED.price_modifier;
INSERT INTO pizza_categories (id, name, name_th, icon) VALUES ('beers', 'Beers', 'เบียร์', '🍺') ON CONFLICT (id) DO UPDATE SET name = EXCLUDED.name, name_th = EXCLUDED.name_th, icon = EXCLUDED.icon;
INSERT INTO pizza_items (id, category_id, name, name_th, description, description_th, price, image_url, image_file, sku, allowed_extras_group) VALUES ('chang-beer', 'beers', 'CHANG BEER', 'เบียร์ช้าง', '', '', 90.0, 'https://gjqevgkbjkharczhikcl.supabase.co/storage/v1/object/public/delivery_food/13-Beers/01-chang-beer-big.png', '13-Beers/01-chang-beer-big.png', '', 'None') ON CONFLICT (id) DO UPDATE SET category_id = EXCLUDED.category_id, name = EXCLUDED.name, name_th = EXCLUDED.name_th, description = EXCLUDED.description, description_th = EXCLUDED.description_th, price = EXCLUDED.price, image_url = EXCLUDED.image_url, image_file = EXCLUDED.image_file, sku = EXCLUDED.sku, allowed_extras_group = EXCLUDED.allowed_extras_group;
INSERT INTO pizza_variants (id, item_id, name, name_th, sku, price, price_modifier) VALUES ('10084', 'chang-beer', 'Big', 'ใหญ่', '10084', 90.0, 0.0) ON CONFLICT (id) DO UPDATE SET item_id = EXCLUDED.item_id, name = EXCLUDED.name, name_th = EXCLUDED.name_th, sku = EXCLUDED.sku, price = EXCLUDED.price, price_modifier = EXCLUDED.price_modifier;
INSERT INTO pizza_variants (id, item_id, name, name_th, sku, price, price_modifier) VALUES ('10074', 'chang-beer', 'Small', 'เล็ก', '10074', 60.0, -30.0) ON CONFLICT (id) DO UPDATE SET item_id = EXCLUDED.item_id, name = EXCLUDED.name, name_th = EXCLUDED.name_th, sku = EXCLUDED.sku, price = EXCLUDED.price, price_modifier = EXCLUDED.price_modifier;
INSERT INTO pizza_items (id, category_id, name, name_th, description, description_th, price, image_url, image_file, sku, allowed_extras_group) VALUES ('leo-beer', 'beers', 'LEO BEER', 'เบียร์ลีโอ', '', '', 90.0, 'https://gjqevgkbjkharczhikcl.supabase.co/storage/v1/object/public/delivery_food/13-Beers/03-leo-beer-big.png', '13-Beers/03-leo-beer-big.png', '', 'None') ON CONFLICT (id) DO UPDATE SET category_id = EXCLUDED.category_id, name = EXCLUDED.name, name_th = EXCLUDED.name_th, description = EXCLUDED.description, description_th = EXCLUDED.description_th, price = EXCLUDED.price, image_url = EXCLUDED.image_url, image_file = EXCLUDED.image_file, sku = EXCLUDED.sku, allowed_extras_group = EXCLUDED.allowed_extras_group;
INSERT INTO pizza_variants (id, item_id, name, name_th, sku, price, price_modifier) VALUES ('10083', 'leo-beer', 'Big', 'ใหญ่', '10083', 90.0, 0.0) ON CONFLICT (id) DO UPDATE SET item_id = EXCLUDED.item_id, name = EXCLUDED.name, name_th = EXCLUDED.name_th, sku = EXCLUDED.sku, price = EXCLUDED.price, price_modifier = EXCLUDED.price_modifier;
INSERT INTO pizza_variants (id, item_id, name, name_th, sku, price, price_modifier) VALUES ('10075', 'leo-beer', 'Small', 'เล็ก', '10075', 60.0, -30.0) ON CONFLICT (id) DO UPDATE SET item_id = EXCLUDED.item_id, name = EXCLUDED.name, name_th = EXCLUDED.name_th, sku = EXCLUDED.sku, price = EXCLUDED.price, price_modifier = EXCLUDED.price_modifier;
INSERT INTO pizza_items (id, category_id, name, name_th, description, description_th, price, image_url, image_file, sku, allowed_extras_group) VALUES ('singha-beer', 'beers', 'SINGHA BEER', 'เบียร์สิงห์', '', '', 100.0, 'https://gjqevgkbjkharczhikcl.supabase.co/storage/v1/object/public/delivery_food/13-Beers/05-singha-beer-big.png', '13-Beers/05-singha-beer-big.png', '', 'None') ON CONFLICT (id) DO UPDATE SET category_id = EXCLUDED.category_id, name = EXCLUDED.name, name_th = EXCLUDED.name_th, description = EXCLUDED.description, description_th = EXCLUDED.description_th, price = EXCLUDED.price, image_url = EXCLUDED.image_url, image_file = EXCLUDED.image_file, sku = EXCLUDED.sku, allowed_extras_group = EXCLUDED.allowed_extras_group;
INSERT INTO pizza_variants (id, item_id, name, name_th, sku, price, price_modifier) VALUES ('10085', 'singha-beer', 'Big', 'ใหญ่', '10085', 100.0, 0.0) ON CONFLICT (id) DO UPDATE SET item_id = EXCLUDED.item_id, name = EXCLUDED.name, name_th = EXCLUDED.name_th, sku = EXCLUDED.sku, price = EXCLUDED.price, price_modifier = EXCLUDED.price_modifier;
INSERT INTO pizza_variants (id, item_id, name, name_th, sku, price, price_modifier) VALUES ('10076', 'singha-beer', 'Small', 'เล็ก', '10076', 70.0, -30.0) ON CONFLICT (id) DO UPDATE SET item_id = EXCLUDED.item_id, name = EXCLUDED.name, name_th = EXCLUDED.name_th, sku = EXCLUDED.sku, price = EXCLUDED.price, price_modifier = EXCLUDED.price_modifier;
INSERT INTO pizza_categories (id, name, name_th, icon) VALUES ('wines', 'Wines', 'รายการไวน์', '🍷') ON CONFLICT (id) DO UPDATE SET name = EXCLUDED.name, name_th = EXCLUDED.name_th, icon = EXCLUDED.icon;
INSERT INTO pizza_items (id, category_id, name, name_th, description, description_th, price, image_url, image_file, sku, allowed_extras_group) VALUES ('italian-wines', 'wines', 'ITALIAN WINES', 'ไวน์อิตาเลียน', '', '', 1190.0, 'https://gjqevgkbjkharczhikcl.supabase.co/storage/v1/object/public/delivery_food/14-Wines/01-italian-wines.png', '14-Wines/01-italian-wines.png', '', 'None') ON CONFLICT (id) DO UPDATE SET category_id = EXCLUDED.category_id, name = EXCLUDED.name, name_th = EXCLUDED.name_th, description = EXCLUDED.description, description_th = EXCLUDED.description_th, price = EXCLUDED.price, image_url = EXCLUDED.image_url, image_file = EXCLUDED.image_file, sku = EXCLUDED.sku, allowed_extras_group = EXCLUDED.allowed_extras_group;
INSERT INTO pizza_variants (id, item_id, name, name_th, sku, price, price_modifier) VALUES ('10079', 'italian-wines', 'Chardonnay', 'Chardonnay', '10079', 1190.0, 0.0) ON CONFLICT (id) DO UPDATE SET item_id = EXCLUDED.item_id, name = EXCLUDED.name, name_th = EXCLUDED.name_th, sku = EXCLUDED.sku, price = EXCLUDED.price, price_modifier = EXCLUDED.price_modifier;
INSERT INTO pizza_variants (id, item_id, name, name_th, sku, price, price_modifier) VALUES ('10125', 'italian-wines', 'Glass (of Red Wine)', 'แก้ว (of Red Wine)', '10125', 120.0, -1070.0) ON CONFLICT (id) DO UPDATE SET item_id = EXCLUDED.item_id, name = EXCLUDED.name, name_th = EXCLUDED.name_th, sku = EXCLUDED.sku, price = EXCLUDED.price, price_modifier = EXCLUDED.price_modifier;
INSERT INTO pizza_variants (id, item_id, name, name_th, sku, price, price_modifier) VALUES ('10124', 'italian-wines', 'Glass (of White Wine)', 'แก้ว (of White Wine)', '10124', 120.0, -1070.0) ON CONFLICT (id) DO UPDATE SET item_id = EXCLUDED.item_id, name = EXCLUDED.name, name_th = EXCLUDED.name_th, sku = EXCLUDED.sku, price = EXCLUDED.price, price_modifier = EXCLUDED.price_modifier;
INSERT INTO pizza_variants (id, item_id, name, name_th, sku, price, price_modifier) VALUES ('10308', 'italian-wines', 'Open Wine', 'Open Wine', '10308', 100.0, -1090.0) ON CONFLICT (id) DO UPDATE SET item_id = EXCLUDED.item_id, name = EXCLUDED.name, name_th = EXCLUDED.name_th, sku = EXCLUDED.sku, price = EXCLUDED.price, price_modifier = EXCLUDED.price_modifier;
INSERT INTO pizza_variants (id, item_id, name, name_th, sku, price, price_modifier) VALUES ('10078', 'italian-wines', 'Primitivo', 'Primitivo', '10078', 1190.0, 0.0) ON CONFLICT (id) DO UPDATE SET item_id = EXCLUDED.item_id, name = EXCLUDED.name, name_th = EXCLUDED.name_th, sku = EXCLUDED.sku, price = EXCLUDED.price, price_modifier = EXCLUDED.price_modifier;
INSERT INTO pizza_variants (id, item_id, name, name_th, sku, price, price_modifier) VALUES ('10144', 'italian-wines', 'Prosecco', 'Prosecco', '10144', 1290.0, 100.0) ON CONFLICT (id) DO UPDATE SET item_id = EXCLUDED.item_id, name = EXCLUDED.name, name_th = EXCLUDED.name_th, sku = EXCLUDED.sku, price = EXCLUDED.price, price_modifier = EXCLUDED.price_modifier;
INSERT INTO pizza_variants (id, item_id, name, name_th, sku, price, price_modifier) VALUES ('10130', 'italian-wines', 'Red Poggio alto', 'Red Poggio alto', '10130', 1190.0, 0.0) ON CONFLICT (id) DO UPDATE SET item_id = EXCLUDED.item_id, name = EXCLUDED.name, name_th = EXCLUDED.name_th, sku = EXCLUDED.sku, price = EXCLUDED.price, price_modifier = EXCLUDED.price_modifier;
INSERT INTO pizza_variants (id, item_id, name, name_th, sku, price, price_modifier) VALUES ('10157', 'italian-wines', 'White​ Poggio alto', 'White​ Poggio alto', '10157', 1190.0, 0.0) ON CONFLICT (id) DO UPDATE SET item_id = EXCLUDED.item_id, name = EXCLUDED.name, name_th = EXCLUDED.name_th, sku = EXCLUDED.sku, price = EXCLUDED.price, price_modifier = EXCLUDED.price_modifier;
INSERT INTO pizza_items (id, category_id, name, name_th, description, description_th, price, image_url, image_file, sku, allowed_extras_group) VALUES ('wines-from-around-the-world', 'wines', 'WINES FROM AROUND THE WORLD', 'ไวน์จากทั่วโลก', '', '', 1290.0, 'https://gjqevgkbjkharczhikcl.supabase.co/storage/v1/object/public/delivery_food/14-Wines/02-wines-from-around-the-world.png', '14-Wines/02-wines-from-around-the-world.png', '', 'None') ON CONFLICT (id) DO UPDATE SET category_id = EXCLUDED.category_id, name = EXCLUDED.name, name_th = EXCLUDED.name_th, description = EXCLUDED.description, description_th = EXCLUDED.description_th, price = EXCLUDED.price, image_url = EXCLUDED.image_url, image_file = EXCLUDED.image_file, sku = EXCLUDED.sku, allowed_extras_group = EXCLUDED.allowed_extras_group;
INSERT INTO pizza_variants (id, item_id, name, name_th, sku, price, price_modifier) VALUES ('10145', 'wines-from-around-the-world', 'Brut', 'Brut', '10145', 1290.0, 0.0) ON CONFLICT (id) DO UPDATE SET item_id = EXCLUDED.item_id, name = EXCLUDED.name, name_th = EXCLUDED.name_th, sku = EXCLUDED.sku, price = EXCLUDED.price, price_modifier = EXCLUDED.price_modifier;
INSERT INTO pizza_variants (id, item_id, name, name_th, sku, price, price_modifier) VALUES ('10127', 'wines-from-around-the-world', 'Fruit wine Rosé de france', 'Fruit wine Rosé de france', '10127', 990.0, -300.0) ON CONFLICT (id) DO UPDATE SET item_id = EXCLUDED.item_id, name = EXCLUDED.name, name_th = EXCLUDED.name_th, sku = EXCLUDED.sku, price = EXCLUDED.price, price_modifier = EXCLUDED.price_modifier;
INSERT INTO pizza_variants (id, item_id, name, name_th, sku, price, price_modifier) VALUES ('10131', 'wines-from-around-the-world', 'Graziosa rose', 'Graziosa rose', '10131', 950.0, -340.0) ON CONFLICT (id) DO UPDATE SET item_id = EXCLUDED.item_id, name = EXCLUDED.name, name_th = EXCLUDED.name_th, sku = EXCLUDED.sku, price = EXCLUDED.price, price_modifier = EXCLUDED.price_modifier;
INSERT INTO pizza_variants (id, item_id, name, name_th, sku, price, price_modifier) VALUES ('10080', 'wines-from-around-the-world', 'Red Birchgrove', 'Red Birchgrove', '10080', 790.0, -500.0) ON CONFLICT (id) DO UPDATE SET item_id = EXCLUDED.item_id, name = EXCLUDED.name, name_th = EXCLUDED.name_th, sku = EXCLUDED.sku, price = EXCLUDED.price, price_modifier = EXCLUDED.price_modifier;
INSERT INTO pizza_variants (id, item_id, name, name_th, sku, price, price_modifier) VALUES ('10063', 'wines-from-around-the-world', 'Red ViñaToldos', 'Red ViñaToldos', '10063', 690.0, -600.0) ON CONFLICT (id) DO UPDATE SET item_id = EXCLUDED.item_id, name = EXCLUDED.name, name_th = EXCLUDED.name_th, sku = EXCLUDED.sku, price = EXCLUDED.price, price_modifier = EXCLUDED.price_modifier;
INSERT INTO pizza_variants (id, item_id, name, name_th, sku, price, price_modifier) VALUES ('10081', 'wines-from-around-the-world', 'White Viña Toldos', 'White Viña Toldos', '10081', 790.0, -500.0) ON CONFLICT (id) DO UPDATE SET item_id = EXCLUDED.item_id, name = EXCLUDED.name, name_th = EXCLUDED.name_th, sku = EXCLUDED.sku, price = EXCLUDED.price, price_modifier = EXCLUDED.price_modifier;
INSERT INTO pizza_variants (id, item_id, name, name_th, sku, price, price_modifier) VALUES ('10099', 'wines-from-around-the-world', 'White​ Birchgrove', 'White​ Birchgrove', '10099', 690.0, -600.0) ON CONFLICT (id) DO UPDATE SET item_id = EXCLUDED.item_id, name = EXCLUDED.name, name_th = EXCLUDED.name_th, sku = EXCLUDED.sku, price = EXCLUDED.price, price_modifier = EXCLUDED.price_modifier;
INSERT INTO pizza_extras (id, group_name, name, name_th, sku, price) VALUES ('10122', 'Pizza Extras', '1 Egg Extra', 'ไข่ไก่เพิ่ม', '10122', 20.0) ON CONFLICT (id) DO UPDATE SET group_name = EXCLUDED.group_name, name = EXCLUDED.name, name_th = EXCLUDED.name_th, sku = EXCLUDED.sku, price = EXCLUDED.price;
INSERT INTO pizza_extras (id, group_name, name, name_th, sku, price) VALUES ('10285', 'Pizza Extras', 'Anchovies Extra', 'แองโชวี่เพิ่ม', '10285', 50.0) ON CONFLICT (id) DO UPDATE SET group_name = EXCLUDED.group_name, name = EXCLUDED.name, name_th = EXCLUDED.name_th, sku = EXCLUDED.sku, price = EXCLUDED.price;
INSERT INTO pizza_extras (id, group_name, name, name_th, sku, price) VALUES ('10096', 'Pizza Extras', 'Artichoke Extra', 'อาร์ติโชคเพิ่ม', '10096', 50.0) ON CONFLICT (id) DO UPDATE SET group_name = EXCLUDED.group_name, name = EXCLUDED.name, name_th = EXCLUDED.name_th, sku = EXCLUDED.sku, price = EXCLUDED.price;
INSERT INTO pizza_extras (id, group_name, name, name_th, sku, price) VALUES ('10111', 'Pizza Extras', 'Bacon Extra', 'เบคอนเพิ่ม', '10111', 50.0) ON CONFLICT (id) DO UPDATE SET group_name = EXCLUDED.group_name, name = EXCLUDED.name, name_th = EXCLUDED.name_th, sku = EXCLUDED.sku, price = EXCLUDED.price;
INSERT INTO pizza_extras (id, group_name, name, name_th, sku, price) VALUES ('10138', 'Pizza Extras', 'Black Olives Extra', 'มะกอกดำเพิ่ม', '10138', 40.0) ON CONFLICT (id) DO UPDATE SET group_name = EXCLUDED.group_name, name = EXCLUDED.name, name_th = EXCLUDED.name_th, sku = EXCLUDED.sku, price = EXCLUDED.price;
INSERT INTO pizza_extras (id, group_name, name, name_th, sku, price) VALUES ('10121', 'Pizza Extras', 'Capers Extra', 'เคเปอร์เพิ่ม', '10121', 40.0) ON CONFLICT (id) DO UPDATE SET group_name = EXCLUDED.group_name, name = EXCLUDED.name, name_th = EXCLUDED.name_th, sku = EXCLUDED.sku, price = EXCLUDED.price;
INSERT INTO pizza_extras (id, group_name, name, name_th, sku, price) VALUES ('10129', 'Pizza Extras', 'Chicken Ham Extra', 'แฮมไก่เพิ่ม', '10129', 50.0) ON CONFLICT (id) DO UPDATE SET group_name = EXCLUDED.group_name, name = EXCLUDED.name, name_th = EXCLUDED.name_th, sku = EXCLUDED.sku, price = EXCLUDED.price;
INSERT INTO pizza_extras (id, group_name, name, name_th, sku, price) VALUES ('10141', 'Pizza Extras', 'Chicken Salame Extra', 'ซาลามี่ไก่เพิ่ม', '10141', 50.0) ON CONFLICT (id) DO UPDATE SET group_name = EXCLUDED.group_name, name = EXCLUDED.name, name_th = EXCLUDED.name_th, sku = EXCLUDED.sku, price = EXCLUDED.price;
INSERT INTO pizza_extras (id, group_name, name, name_th, sku, price) VALUES ('10102', 'Pizza Extras', 'Extra " Mozzarella Cheese', 'ชีสมอซซาเรลล่าเพิ่ม', '10102', 50.0) ON CONFLICT (id) DO UPDATE SET group_name = EXCLUDED.group_name, name = EXCLUDED.name, name_th = EXCLUDED.name_th, sku = EXCLUDED.sku, price = EXCLUDED.price;
INSERT INTO pizza_extras (id, group_name, name, name_th, sku, price) VALUES ('10191', 'Pizza Extras', 'Fresh Tomato Extra', 'มะเขือเทศสดเพิ่ม', '10191', 20.0) ON CONFLICT (id) DO UPDATE SET group_name = EXCLUDED.group_name, name = EXCLUDED.name, name_th = EXCLUDED.name_th, sku = EXCLUDED.sku, price = EXCLUDED.price;
INSERT INTO pizza_extras (id, group_name, name, name_th, sku, price) VALUES ('10118', 'Pizza Extras', 'Gorgonzola Extra', 'ชีสกอร์กอนโซล่าเพิ่ม', '10118', 50.0) ON CONFLICT (id) DO UPDATE SET group_name = EXCLUDED.group_name, name = EXCLUDED.name, name_th = EXCLUDED.name_th, sku = EXCLUDED.sku, price = EXCLUDED.price;
INSERT INTO pizza_extras (id, group_name, name, name_th, sku, price) VALUES ('10113', 'Pizza Extras', 'Ham Extra', 'แฮมเพิ่ม', '10113', 50.0) ON CONFLICT (id) DO UPDATE SET group_name = EXCLUDED.group_name, name = EXCLUDED.name, name_th = EXCLUDED.name_th, sku = EXCLUDED.sku, price = EXCLUDED.price;
INSERT INTO pizza_extras (id, group_name, name, name_th, sku, price) VALUES ('10236', 'Pizza Extras', 'Hotdog Extra', 'ฮอทดอกเพิ่ม', '10236', 50.0) ON CONFLICT (id) DO UPDATE SET group_name = EXCLUDED.group_name, name = EXCLUDED.name, name_th = EXCLUDED.name_th, sku = EXCLUDED.sku, price = EXCLUDED.price;
INSERT INTO pizza_extras (id, group_name, name, name_th, sku, price) VALUES ('10094', 'Pizza Extras', 'Mushrooms Extra', 'เห็ดเพิ่ม', '10094', 30.0) ON CONFLICT (id) DO UPDATE SET group_name = EXCLUDED.group_name, name = EXCLUDED.name, name_th = EXCLUDED.name_th, sku = EXCLUDED.sku, price = EXCLUDED.price;
INSERT INTO pizza_extras (id, group_name, name, name_th, sku, price) VALUES ('10068', 'Pizza Extras', 'Onion/Garlic Extra', 'หอมใหญ่/กระเทียมเพิ่ม', '10068', 20.0) ON CONFLICT (id) DO UPDATE SET group_name = EXCLUDED.group_name, name = EXCLUDED.name, name_th = EXCLUDED.name_th, sku = EXCLUDED.sku, price = EXCLUDED.price;
INSERT INTO pizza_extras (id, group_name, name, name_th, sku, price) VALUES ('10171', 'Pizza Extras', 'Parmesan cheese 🧀', 'พาร์เมซานชีสเพิ่ม', '10171', 20.0) ON CONFLICT (id) DO UPDATE SET group_name = EXCLUDED.group_name, name = EXCLUDED.name, name_th = EXCLUDED.name_th, sku = EXCLUDED.sku, price = EXCLUDED.price;
INSERT INTO pizza_extras (id, group_name, name, name_th, sku, price) VALUES ('10062', 'Pizza Extras', 'Pesto Sauce Extra', 'ซอสเพสโต้เพิ่ม', '10062', 60.0) ON CONFLICT (id) DO UPDATE SET group_name = EXCLUDED.group_name, name = EXCLUDED.name, name_th = EXCLUDED.name_th, sku = EXCLUDED.sku, price = EXCLUDED.price;
INSERT INTO pizza_extras (id, group_name, name, name_th, sku, price) VALUES ('10095', 'Pizza Extras', 'Pineapple Extra', 'สับปะรดเพิ่ม', '10095', 30.0) ON CONFLICT (id) DO UPDATE SET group_name = EXCLUDED.group_name, name = EXCLUDED.name, name_th = EXCLUDED.name_th, sku = EXCLUDED.sku, price = EXCLUDED.price;
INSERT INTO pizza_extras (id, group_name, name, name_th, sku, price) VALUES ('10088', 'Pizza Extras', 'Salame Calabrese Extra', 'ซาลามี่คาลาเบรียเพิ่ม', '10088', 50.0) ON CONFLICT (id) DO UPDATE SET group_name = EXCLUDED.group_name, name = EXCLUDED.name, name_th = EXCLUDED.name_th, sku = EXCLUDED.sku, price = EXCLUDED.price;
INSERT INTO pizza_extras (id, group_name, name, name_th, sku, price) VALUES ('10087', 'Pizza Extras', 'Salame Extra', 'ซาลามี่เพิ่ม', '10087', 50.0) ON CONFLICT (id) DO UPDATE SET group_name = EXCLUDED.group_name, name = EXCLUDED.name, name_th = EXCLUDED.name_th, sku = EXCLUDED.sku, price = EXCLUDED.price;
INSERT INTO pizza_extras (id, group_name, name, name_th, sku, price) VALUES ('10086', 'Pizza Extras', 'Sausage Extra', 'ไส้กรอกเพิ่ม', '10086', 50.0) ON CONFLICT (id) DO UPDATE SET group_name = EXCLUDED.group_name, name = EXCLUDED.name, name_th = EXCLUDED.name_th, sku = EXCLUDED.sku, price = EXCLUDED.price;
INSERT INTO pizza_extras (id, group_name, name, name_th, sku, price) VALUES ('10107', 'Pizza Extras', 'Sweet Bell Peppers Extra', 'พริกหวานเพิ่ม', '10107', 50.0) ON CONFLICT (id) DO UPDATE SET group_name = EXCLUDED.group_name, name = EXCLUDED.name, name_th = EXCLUDED.name_th, sku = EXCLUDED.sku, price = EXCLUDED.price;
INSERT INTO pizza_extras (id, group_name, name, name_th, sku, price) VALUES ('10172', 'Pizza Extras', 'Tofu Extra', 'เต้าหู้เพิ่ม', '10172', 50.0) ON CONFLICT (id) DO UPDATE SET group_name = EXCLUDED.group_name, name = EXCLUDED.name, name_th = EXCLUDED.name_th, sku = EXCLUDED.sku, price = EXCLUDED.price;
INSERT INTO pizza_extras (id, group_name, name, name_th, sku, price) VALUES ('10120', 'Pizza Extras', 'Tuna Extra', 'ทูน่าเพิ่ม', '10120', 50.0) ON CONFLICT (id) DO UPDATE SET group_name = EXCLUDED.group_name, name = EXCLUDED.name, name_th = EXCLUDED.name_th, sku = EXCLUDED.sku, price = EXCLUDED.price;
INSERT INTO pizza_extras (id, group_name, name, name_th, sku, price) VALUES ('10100', 'Pizza Extras', 'Vegetables Extra', 'ผักเพิ่ม', '10100', 50.0) ON CONFLICT (id) DO UPDATE SET group_name = EXCLUDED.group_name, name = EXCLUDED.name, name_th = EXCLUDED.name_th, sku = EXCLUDED.sku, price = EXCLUDED.price;
INSERT INTO pizza_extras (id, group_name, name, name_th, sku, price) VALUES ('10035', 'Salad Extras', 'Chicken Extra', 'ไก่เพิ่ม', '10035', 40.0) ON CONFLICT (id) DO UPDATE SET group_name = EXCLUDED.group_name, name = EXCLUDED.name, name_th = EXCLUDED.name_th, sku = EXCLUDED.sku, price = EXCLUDED.price;
INSERT INTO pizza_extras (id, group_name, name, name_th, sku, price) VALUES ('extra-nutella-extra', 'Croissant Modifiers', 'Nutella Extra', 'นูเทลล่าเพิ่ม', '', 30.0) ON CONFLICT (id) DO UPDATE SET group_name = EXCLUDED.group_name, name = EXCLUDED.name, name_th = EXCLUDED.name_th, sku = EXCLUDED.sku, price = EXCLUDED.price;
INSERT INTO pizza_extras (id, group_name, name, name_th, sku, price) VALUES ('10166', 'Coffee Shop Modifiers', 'Extra Coffee', 'ช็อตกาแฟเพิ่ม', '10166', 30.0) ON CONFLICT (id) DO UPDATE SET group_name = EXCLUDED.group_name, name = EXCLUDED.name, name_th = EXCLUDED.name_th, sku = EXCLUDED.sku, price = EXCLUDED.price;